,CHROM,POS,REF,ALT,Gene,Gene LOC,Translate
0,NC_045512.2,22427,G,C,S,865,V2L
1,NC_045512.2,22426,T,N,S,864,A2A
2,NC_045512.2,22424,G,-,S,862,A2-
3,NC_045512.2,22423,T,N,S,861,D2X
4,NC_045512.2,22422,A,C,S,860,D2A
5,NC_045512.2,22421,G,A,S,859,D2N
6,NC_045512.2,22420,A,N,S,858,T2T
7,NC_045512.2,22419,C,A,S,857,T2K
8,NC_045512.2,22418,A,-,S,856,T2-
9,NC_045512.2,22417,T,A,S,855,I2I
10,NC_045512.2,22416,T,C,S,854,I2T
11,NC_045512.2,22415,A,C,S,853,I2L
12,NC_045512.2,22414,C,A,S,852,T2T
13,NC_045512.2,22413,C,-,S,851,T2-
14,NC_045512.2,22412,A,-,S,850,T2-
15,NC_045512.2,22410,G,A,S,848,G2E
16,NC_045512.2,22409,G,N,S,847,G2X
17,NC_045512.2,22408,T,N,S,846,N2X
18,NC_045512.2,22407,A,C,S,845,N2T
19,NC_045512.2,22403,G,A,S,841,E2K
20,NC_045512.2,22402,T,N,S,840,N2X
21,NC_045512.2,22401,A,C,S,839,N2T
22,NC_045512.2,22399,T,A,S,837,Y2*
23,NC_045512.2,22398,A,C,S,836,Y2S
24,NC_045512.2,22397,T,A,S,835,Y2N
25,NC_045512.2,22396,A,C,S,834,K2N
26,NC_045512.2,22392,T,A,S,830,L2*
27,NC_045512.2,22391,T,C,S,829,L2L
28,NC_045512.2,22390,A,C,S,828,L2L
29,NC_045512.2,22389,T,A,S,827,L2Q
30,NC_045512.2,22387,T,-,S,825,F2-
31,NC_045512.2,22386,T,C,S,824,F2S
32,NC_045512.2,22385,T,C,S,823,F2L
33,NC_045512.2,22384,T,C,S,822,T2T
34,NC_045512.2,22382,A,-,S,820,T2-
35,NC_045512.2,22381,G,A,S,819,R2R
36,NC_045512.2,22380,G,N,S,818,R2X
37,NC_045512.2,22379,A,N,S,817,R2X
38,NC_045512.2,22378,T,A,S,816,P2P
39,NC_045512.2,22376,C,-,S,814,P2-
40,NC_045512.2,22375,A,-,S,813,Q2-
41,NC_045512.2,22373,C,A,S,811,Q2K
42,NC_045512.2,22372,T,-,S,810,L2-
43,NC_045512.2,22371,T,C,S,809,L2P
44,NC_045512.2,22369,T,-,S,807,Y2-
45,NC_045512.2,22368,A,C,S,806,Y2S
46,NC_045512.2,22367,T,A,S,805,Y2N
47,NC_045512.2,22366,T,C,S,804,G2G
48,NC_045512.2,22365,G,C,S,803,G2A
49,NC_045512.2,22364,G,N,S,802,G2X
50,NC_045512.2,22363,G,N,S,801,V2V
51,NC_045512.2,22362,T,N,S,800,V2X
52,NC_045512.2,22361,G,C,S,799,V2L
53,NC_045512.2,22360,T,N,S,798,Y2X
54,NC_045512.2,22359,A,C,S,797,Y2S
55,NC_045512.2,22358,T,A,S,796,Y2N
56,NC_045512.2,22357,T,C,S,795,Y2Y
57,NC_045512.2,22356,A,C,S,794,Y2S
58,NC_045512.2,22355,T,A,S,793,Y2N
59,NC_045512.2,22354,T,C,S,792,A2A
60,NC_045512.2,22352,G,-,S,790,A2-
61,NC_045512.2,22351,A,N,S,789,A2A
62,NC_045512.2,22350,C,A,S,788,A2E
63,NC_045512.2,22349,G,-,S,787,A2-
64,NC_045512.2,22348,T,N,S,786,A2A
65,NC_045512.2,22346,G,-,S,784,A2-
66,NC_045512.2,22345,T,N,S,783,G2G
67,NC_045512.2,22344,G,C,S,782,G2A
68,NC_045512.2,22343,G,N,S,781,G2X
69,NC_045512.2,22342,T,N,S,780,A2A
70,NC_045512.2,22340,G,-,S,778,A2-
71,NC_045512.2,22339,A,N,S,777,T2T
72,NC_045512.2,26591,A,-,M,69,V2-
73,NC_045512.2,26469,C,T,E,225,V2V
74,NC_045512.2,23215,T,N,S,1653,V2V
75,NC_045512.2,18610,G,-,ORF1ab,18345,L2-
76,NC_045512.2,16919,C,-,ORF1ab,16654,H2-
77,NC_045512.2,15446,G,A,ORF1ab,15181,V2M
78,NC_045512.2,14401,T,N,ORF1ab,14136,C2X
79,NC_045512.2,6389,G,T,ORF1ab,6124,E2*
80,NC_045512.2,4788,C,-,ORF1ab,4523,A2-
81,NC_045512.2,3136,T,C,ORF1ab,2871,G2G
82,NC_045512.2,1460,A,-,ORF1ab,1195,K2-
83,NC_045512.2,1162,A,N,ORF1ab,897,R2X
84,NC_045512.2,26884,A,C,M,362,N2T
85,NC_045512.2,25751,T,N,ORF3a,359,F2X
86,NC_045512.2,3094,A,C,ORF1ab,2829,P2P
87,NC_045512.2,3091,G,-,ORF1ab,2826,E2-
88,NC_045512.2,3087,T,C,ORF1ab,2822,F2S
89,NC_045512.2,3086,T,C,ORF1ab,2821,F2L
90,NC_045512.2,3085,G,C,ORF1ab,2820,E2D
91,NC_045512.2,3084,A,N,ORF1ab,2819,E2X
92,NC_045512.2,3082,A,N,ORF1ab,2817,E2X
93,NC_045512.2,3080,G,A,ORF1ab,2815,E2K
94,NC_045512.2,3079,A,N,ORF1ab,2814,E2X
95,NC_045512.2,3077,G,A,ORF1ab,2812,E2K
96,NC_045512.2,3076,A,N,ORF1ab,2811,E2X
97,NC_045512.2,3074,G,A,ORF1ab,2809,E2K
98,NC_045512.2,3073,T,N,ORF1ab,2808,C2X
99,NC_045512.2,3072,G,C,ORF1ab,2807,C2S
100,NC_045512.2,3071,T,N,ORF1ab,2806,C2X
101,NC_045512.2,3068,G,A,ORF1ab,2803,D2N
102,NC_045512.2,3062,G,A,ORF1ab,2797,E2K
103,NC_045512.2,3046,A,N,ORF1ab,2781,P2P
104,NC_045512.2,3044,C,-,ORF1ab,2779,P2-
105,NC_045512.2,3039,A,-,ORF1ab,2774,Y2-
106,NC_045512.2,3036,T,C,ORF1ab,2771,F2S
107,NC_045512.2,3024,T,N,ORF1ab,2759,M2X
108,NC_045512.2,3019,A,-,ORF1ab,2754,S2-
109,NC_045512.2,3018,C,A,ORF1ab,2753,S2*
110,NC_045512.2,3017,T,-,ORF1ab,2752,S2-
111,NC_045512.2,3016,T,C,ORF1ab,2751,A2A
112,NC_045512.2,3011,T,C,ORF1ab,2746,L2L
113,NC_045512.2,3010,A,C,ORF1ab,2745,K2N
114,NC_045512.2,3007,T,A,ORF1ab,2742,F2L
115,NC_045512.2,3006,T,C,ORF1ab,2741,F2S
116,NC_045512.2,3002,G,A,ORF1ab,2737,E2K
117,NC_045512.2,3000,G,C,ORF1ab,2735,G2A
118,NC_045512.2,2993,G,A,ORF1ab,2728,E2K
119,NC_045512.2,2991,A,C,ORF1ab,2726,D2A
120,NC_045512.2,2989,T,N,ORF1ab,2724,F2X
121,NC_045512.2,2988,T,C,ORF1ab,2723,F2S
122,NC_045512.2,2987,T,C,ORF1ab,2722,F2L
123,NC_045512.2,2986,A,C,ORF1ab,2721,L2F
124,NC_045512.2,2985,T,A,ORF1ab,2720,L2*
125,NC_045512.2,2984,T,C,ORF1ab,2719,L2L
126,NC_045512.2,2982,A,-,ORF1ab,2717,Y2-
127,NC_045512.2,2981,T,A,ORF1ab,2716,Y2N
128,NC_045512.2,2979,A,-,ORF1ab,2714,Y2-
129,NC_045512.2,2978,T,A,ORF1ab,2713,Y2N
130,NC_045512.2,2977,A,C,ORF1ab,2712,T2T
131,NC_045512.2,2976,C,A,ORF1ab,2711,T2K
132,NC_045512.2,2975,A,-,ORF1ab,2710,T2-
133,NC_045512.2,2974,T,A,ORF1ab,2709,A2A
134,NC_045512.2,2970,T,N,ORF1ab,2705,M2X
135,NC_045512.2,2969,A,C,ORF1ab,2704,M2L
136,NC_045512.2,2960,G,A,ORF1ab,2695,E2K
137,NC_045512.2,2959,T,N,ORF1ab,2694,D2X
138,NC_045512.2,2958,A,C,ORF1ab,2693,D2A
139,NC_045512.2,2957,G,A,ORF1ab,2692,D2N
140,NC_045512.2,2956,A,N,ORF1ab,2691,L2X
141,NC_045512.2,2955,T,A,ORF1ab,2690,L2*
142,NC_045512.2,2954,T,C,ORF1ab,2689,L2L
143,NC_045512.2,2953,T,C,ORF1ab,2688,D2D
144,NC_045512.2,2952,A,C,ORF1ab,2687,D2A
145,NC_045512.2,2951,G,A,ORF1ab,2686,D2N
146,NC_045512.2,2950,T,N,ORF1ab,2685,I2X
147,NC_045512.2,2949,T,C,ORF1ab,2684,I2T
148,NC_045512.2,2948,A,C,ORF1ab,2683,I2L
149,NC_045512.2,2947,C,A,ORF1ab,2682,G2G
150,NC_045512.2,2946,G,-,ORF1ab,2681,G2-
151,NC_045512.2,2945,G,N,ORF1ab,2680,G2X
152,NC_045512.2,2944,G,N,ORF1ab,2679,L2L
153,NC_045512.2,2943,T,N,ORF1ab,2678,L2X
154,NC_045512.2,2941,A,-,ORF1ab,2676,P2-
155,NC_045512.2,2940,C,A,ORF1ab,2675,P2Q
156,NC_045512.2,2939,C,-,ORF1ab,2674,P2-
157,NC_045512.2,24991,T,G,S,3429,P2P
158,NC_045512.2,24987,A,G,S,3425,Q2R
159,NC_045512.2,21057,C,-,ORF1ab,20792,T2-
160,NC_045512.2,18386,A,-,ORF1ab,18121,T2-
161,NC_045512.2,12096,T,G,ORF1ab,11831,I2R
162,NC_045512.2,12068,C,G,ORF1ab,11803,L2V
163,NC_045512.2,10729,A,N,ORF1ab,10464,T2T
164,NC_045512.2,3030,G,C,ORF1ab,2765,C2S
165,NC_045512.2,3029,T,N,ORF1ab,2764,C2X
166,NC_045512.2,3028,T,C,ORF1ab,2763,Y2Y
167,NC_045512.2,3027,A,C,ORF1ab,2762,Y2S
168,NC_045512.2,3026,T,A,ORF1ab,2761,Y2N
169,NC_045512.2,3025,G,C,ORF1ab,2760,M2I
170,NC_045512.2,3023,A,C,ORF1ab,2758,M2L
171,NC_045512.2,3014,G,-,ORF1ab,2749,A2-
172,NC_045512.2,3012,T,N,ORF1ab,2747,L2X
173,NC_045512.2,1305,A,G,ORF1ab,1040,E2G
174,NC_045512.2,1303,T,G,ORF1ab,1038,T2T
175,NC_045512.2,1302,C,G,ORF1ab,1037,T2S
176,NC_045512.2,1301,A,G,ORF1ab,1036,T2A
177,NC_045512.2,1290,A,G,ORF1ab,1025,E2G
178,NC_045512.2,1288,C,G,ORF1ab,1023,C2W
179,NC_045512.2,1286,T,G,ORF1ab,1021,C2G
180,NC_045512.2,1285,T,G,ORF1ab,1020,T2T
181,NC_045512.2,1284,C,G,ORF1ab,1019,T2S
182,NC_045512.2,1267,C,G,ORF1ab,1002,G2G
183,NC_045512.2,1190,C,G,ORF1ab,925,P2A
184,NC_045512.2,1189,A,G,ORF1ab,924,S2S
185,NC_045512.2,1292,T,-,ORF1ab,1027,F2-
186,NC_045512.2,10256,G,A,ORF1ab,9991,V2I
187,NC_045512.2,10194,A,-,ORF1ab,9929,E2-
188,NC_045512.2,1355,G,C,ORF1ab,1090,A2P
189,NC_045512.2,10480,T,G,ORF1ab,10215,N2K
190,NC_045512.2,10477,T,G,ORF1ab,10212,L2L
191,NC_045512.2,10476,T,G,ORF1ab,10211,L2R
192,NC_045512.2,10475,C,G,ORF1ab,10210,L2V
193,NC_045512.2,10474,C,G,ORF1ab,10209,F2L
194,NC_045512.2,10472,T,G,ORF1ab,10207,F2V
195,NC_045512.2,10471,A,G,ORF1ab,10206,S2S
196,NC_045512.2,10470,C,G,ORF1ab,10205,S2*
197,NC_045512.2,10469,T,G,ORF1ab,10204,S2A
198,NC_045512.2,10468,T,G,ORF1ab,10203,G2G
199,NC_045512.2,10453,T,G,ORF1ab,10188,N2K
200,NC_045512.2,10452,A,G,ORF1ab,10187,N2S
201,NC_045512.2,10451,A,G,ORF1ab,10186,N2D
202,NC_045512.2,10450,C,G,ORF1ab,10185,P2P
203,NC_045512.2,10449,C,G,ORF1ab,10184,P2R
204,NC_045512.2,10433,C,G,ORF1ab,10168,Q2E
205,NC_045512.2,10432,C,G,ORF1ab,10167,Y2*
206,NC_045512.2,10431,A,G,ORF1ab,10166,Y2C
207,NC_045512.2,10430,T,G,ORF1ab,10165,Y2D
208,NC_045512.2,10429,T,G,ORF1ab,10164,V2V
209,NC_045512.2,7934,G,-,ORF1ab,7669,A2-
210,NC_045512.2,7933,A,N,ORF1ab,7668,S2S
211,NC_045512.2,7913,G,A,ORF1ab,7648,E2K
212,NC_045512.2,7898,G,N,ORF1ab,7633,G2X
213,NC_045512.2,7892,T,C,ORF1ab,7627,F2L
214,NC_045512.2,7889,G,C,ORF1ab,7624,V2L
215,NC_045512.2,7693,G,C,ORF1ab,7428,Q2H
216,NC_045512.2,7692,A,N,ORF1ab,7427,Q2X
217,NC_045512.2,7691,C,A,ORF1ab,7426,Q2K
218,NC_045512.2,7690,A,-,ORF1ab,7425,L2-
219,NC_045512.2,7675,G,A,ORF1ab,7410,A2A
220,NC_045512.2,7674,C,N,ORF1ab,7409,A2X
221,NC_045512.2,7673,G,-,ORF1ab,7408,A2-
222,NC_045512.2,7672,T,N,ORF1ab,7407,V2V
223,NC_045512.2,7671,T,C,ORF1ab,7406,V2A
224,NC_045512.2,2509,C,G,ORF1ab,2244,P2P
225,NC_045512.2,2508,C,G,ORF1ab,2243,P2R
226,NC_045512.2,27661,C,A,ORF7a,268,Q2K
227,NC_045512.2,27660,A,-,ORF7a,267,R2-
228,NC_045512.2,27659,G,A,ORF7a,266,R2K
229,NC_045512.2,27658,A,N,ORF7a,265,R2X
230,NC_045512.2,27657,C,A,ORF7a,264,I2I
231,NC_045512.2,27656,T,-,ORF7a,263,I2-
232,NC_045512.2,27655,A,C,ORF7a,262,I2L
233,NC_045512.2,27654,C,A,ORF7a,261,F2L
234,NC_045512.2,27653,T,-,ORF7a,260,F2-
235,NC_045512.2,27652,T,C,ORF7a,259,F2L
236,NC_045512.2,27651,G,C,ORF7a,258,L2L
237,NC_045512.2,27650,T,N,ORF7a,257,L2X
238,NC_045512.2,27648,A,-,ORF7a,255,K2-
239,NC_045512.2,27645,T,A,ORF7a,252,P2P
240,NC_045512.2,27643,C,-,ORF7a,250,P2-
241,NC_045512.2,27642,A,-,ORF7a,249,S2-
242,NC_045512.2,27641,C,A,ORF7a,248,S2*
243,NC_045512.2,27640,T,-,ORF7a,247,S2-
244,NC_045512.2,27639,T,C,ORF7a,246,V2V
245,NC_045512.2,27638,T,C,ORF7a,245,V2A
246,NC_045512.2,27637,G,-,ORF7a,244,V2-
247,NC_045512.2,27636,A,N,ORF7a,243,S2S
248,NC_045512.2,7010,G,C,ORF1ab,6745,A2P
249,NC_045512.2,28611,T,-,N,338,L2-
250,NC_045512.2,28212,G,-,ORF8,319,D2-
251,NC_045512.2,18354,A,N,ORF1ab,18089,Y2X
252,NC_045512.2,16320,A,T,ORF1ab,16055,N2I
253,NC_045512.2,9184,T,N,ORF1ab,8919,V2V
254,NC_045512.2,8623,T,-,ORF1ab,8358,I2-
255,NC_045512.2,6732,T,C,ORF1ab,6467,I2T
256,NC_045512.2,3203,T,-,ORF1ab,2938,L2-
257,NC_045512.2,27077,G,A,M,555,Q2Q
258,NC_045512.2,17045,A,C,ORF1ab,16780,K2Q
259,NC_045512.2,2159,G,T,ORF1ab,1894,E2*
260,NC_045512.2,8154,T,C,ORF1ab,7889,L2S
261,NC_045512.2,10008,T,C,ORF1ab,9743,V2A
