rank,feature_location
1,164_Visual
1,277_DefaultMode
1,75_Auditory
2,257_VentralAttention
3,224_DorsalAttention
4,260_CinguloOpercular
5,95_DefaultMode
6,35_SomatomotorDorsal
7,120_DefaultMode
8,82_DefaultMode
9,135_DefaultMode
10,230_DorsalAttention
11,30_SomatomotorDorsal
12,286_FrontoParietal
13,28_SomatomotorDorsal
14,161_Visual
15,36_SomatomotorDorsal
16,218_VentralAttention
17,205_Salience
18,244_Reward
19,201_FrontoParietal
20,149_Visual
21,16_SomatomotorDorsal
22,208_Salience
22,211_VentralAttention
24,181_FrontoParietal
25,5_unassigned
34,130_DefaultMode
34,13_SomatomotorDorsal
34,140_ParietoMedial
34,169_Visual
34,186_FrontoParietal
34,209_Salience
34,20_SomatomotorDorsal
34,228_DorsalAttention
34,232_DorsalAttention
34,235_MedialTemporalLobe
34,265_Visual
34,283_Visual
34,300_SomatomotorDorsal
34,57_CinguloOpercular
34,58_CinguloOpercular
34,68_CinguloOpercular
34,92_DefaultMode
45,113_DefaultMode
45,285_FrontoParietal
45,299_SomatomotorDorsal
45,43_SomatomotorDorsal
45,54_CinguloOpercular
45,63_CinguloOpercular
76,103_DefaultMode
76,108_DefaultMode
76,110_DefaultMode
76,111_DefaultMode
76,117_DefaultMode
76,118_DefaultMode
76,122_DefaultMode
76,127_DefaultMode
76,134_DefaultMode
76,138_ParietoMedial
76,139_ParietoMedial
76,145_Visual
76,147_Visual
76,151_Visual
76,157_Visual
76,15_SomatomotorDorsal
76,171_Visual
76,172_Visual
76,173_Visual
76,177_FrontoParietal
76,182_FrontoParietal
76,187_FrontoParietal
76,195_FrontoParietal
76,203_Salience
76,204_Salience
76,215_VentralAttention
76,217_VentralAttention
76,225_DorsalAttention
76,227_DorsalAttention
76,233_DorsalAttention
76,236_MedialTemporalLobe
76,239_DefaultMode
76,23_SomatomotorDorsal
76,24_SomatomotorDorsal
76,250_FrontoParietal
76,251_FrontoParietal
76,254_SomatomotorLateral
76,258_CinguloOpercular
76,259_CinguloOpercular
76,266_CinguloOpercular
76,27_SomatomotorDorsal
76,288_FrontoParietal
76,289_FrontoParietal
76,297_SomatomotorLateral
76,29_SomatomotorDorsal
76,40_SomatomotorDorsal
76,44_SomatomotorDorsal
76,50_CinguloOpercular
76,53_CinguloOpercular
76,61_CinguloOpercular
76,67_CinguloOpercular
76,6_unassigned
76,71_Auditory
76,74_Auditory
76,89_DefaultMode
104,83_DefaultMode
146,100_DefaultMode
146,104_DefaultMode
146,109_DefaultMode
146,112_DefaultMode
146,115_DefaultMode
146,116_DefaultMode
146,124_DefaultMode
146,125_DefaultMode
146,129_DefaultMode
146,133_DefaultMode
146,136_ParietoMedial
146,137_ParietoMedial
146,142_Visual
146,153_Visual
146,158_Visual
146,159_Visual
146,162_Visual
146,165_Visual
146,170_Visual
146,175_FrontoParietal
146,178_FrontoParietal
146,183_FrontoParietal
146,184_FrontoParietal
146,185_FrontoParietal
146,18_SomatomotorDorsal
146,192_FrontoParietal
146,193_FrontoParietal
146,194_FrontoParietal
146,196_FrontoParietal
146,198_FrontoParietal
146,199_FrontoParietal
146,1_unassigned
146,200_FrontoParietal
146,202_Salience
146,213_VentralAttention
146,216_VentralAttention
146,21_SomatomotorDorsal
146,220_DorsalAttention
146,229_DorsalAttention
146,237_MedialTemporalLobe
146,238_DefaultMode
146,240_Reward
146,243_Reward
146,246_Reward
146,247_Reward
146,248_Salience
146,249_Salience
146,252_SomatomotorDorsal
146,253_SomatomotorDorsal
146,255_SomatomotorLateral
146,25_SomatomotorDorsal
146,264_Visual
146,273_SomatomotorDorsal
146,276_DorsalAttention
146,279_DefaultMode
146,281_DefaultMode
146,287_FrontoParietal
146,290_FrontoParietal
146,292_Salience
146,294_CinguloOpercular
146,2_unassigned
146,32_SomatomotorDorsal
146,34_SomatomotorDorsal
146,39_SomatomotorDorsal
146,3_unassigned
146,42_SomatomotorDorsal
146,46_SomatomotorLateral
146,49_SomatomotorLateral
146,52_CinguloOpercular
146,66_CinguloOpercular
146,69_Auditory
146,70_Auditory
146,72_Auditory
146,76_Auditory
146,78_Auditory
146,79_Auditory
146,7_unassigned
146,80_Auditory
146,84_DefaultMode
146,85_DefaultMode
146,86_DefaultMode
146,91_DefaultMode
146,94_DefaultMode
146,98_DefaultMode
243,101_DefaultMode
243,102_DefaultMode
243,105_DefaultMode
243,106_DefaultMode
243,107_DefaultMode
243,10_unassigned
243,114_DefaultMode
243,119_DefaultMode
243,11_unassigned
243,121_DefaultMode
243,123_DefaultMode
243,126_DefaultMode
243,128_DefaultMode
243,12_unassigned
243,131_DefaultMode
243,132_DefaultMode
243,141_Visual
243,143_Visual
243,144_Visual
243,146_Visual
243,148_Visual
243,14_SomatomotorDorsal
243,150_Visual
243,152_Visual
243,154_Visual
243,155_Visual
243,156_Visual
243,160_Visual
243,163_Visual
243,166_Visual
243,167_Visual
243,168_Visual
243,174_Visual
243,176_FrontoParietal
243,179_FrontoParietal
243,17_SomatomotorDorsal
243,180_FrontoParietal
243,188_FrontoParietal
243,189_FrontoParietal
243,190_FrontoParietal
243,191_FrontoParietal
243,197_FrontoParietal
243,19_SomatomotorDorsal
243,206_Salience
243,207_Salience
243,210_Salience
243,212_VentralAttention
243,214_VentralAttention
243,219_VentralAttention
243,221_DorsalAttention
243,222_DorsalAttention
243,223_DorsalAttention
243,226_DorsalAttention
243,22_SomatomotorDorsal
243,231_DorsalAttention
243,234_MedialTemporalLobe
243,241_Reward
243,242_Reward
243,245_Reward
243,256_VentralAttention
243,261_CinguloOpercular
243,262_DefaultMode
243,263_DefaultMode
243,267_CinguloOpercular
243,268_CinguloOpercular
243,269_CinguloOpercular
243,26_SomatomotorDorsal
243,270_SomatomotorLateral
243,271_SomatomotorLateral
243,272_SomatomotorDorsal
243,274_CinguloOpercular
243,275_DorsalAttention
243,278_DefaultMode
243,280_DefaultMode
243,282_DefaultMode
243,284_FrontoParietal
243,291_Salience
243,293_CinguloOpercular
243,295_SomatomotorDorsal
243,296_SomatomotorDorsal
243,298_SomatomotorLateral
243,31_SomatomotorDorsal
243,33_SomatomotorDorsal
243,37_SomatomotorDorsal
243,38_SomatomotorDorsal
243,41_SomatomotorDorsal
243,45_SomatomotorLateral
243,47_SomatomotorLateral
243,48_SomatomotorLateral
243,4_unassigned
243,51_CinguloOpercular
243,55_CinguloOpercular
243,56_CinguloOpercular
243,59_CinguloOpercular
243,60_CinguloOpercular
243,62_CinguloOpercular
243,64_CinguloOpercular
243,65_CinguloOpercular
243,73_Auditory
243,77_Auditory
243,81_DefaultMode
243,87_DefaultMode
243,88_DefaultMode
243,8_unassigned
243,90_DefaultMode
243,93_DefaultMode
243,96_DefaultMode
243,97_DefaultMode
243,99_DefaultMode
243,9_unassigned
