rank,feature_location
1,111_DefaultMode
1,161_Visual
1,187_FrontoParietal
2,1_unassigned
2,219_VentralAttention
3,34_SomatomotorDorsal
3,61_CinguloOpercular
4,116_DefaultMode
5,263_DefaultMode
6,141_Visual
7,205_Salience
8,258_CinguloOpercular
9,238_DefaultMode
10,164_Visual
11,236_MedialTemporalLobe
12,152_Visual
13,10_unassigned
14,95_DefaultMode
15,201_FrontoParietal
16,101_DefaultMode
17,221_DorsalAttention
19,5_unassigned
19,62_CinguloOpercular
20,209_Salience
21,130_DefaultMode
22,253_SomatomotorDorsal
24,168_Visual
24,290_FrontoParietal
25,230_DorsalAttention
26,297_SomatomotorLateral
27,48_SomatomotorLateral
28,80_Auditory
29,55_CinguloOpercular
30,195_FrontoParietal
31,260_CinguloOpercular
33,134_DefaultMode
33,163_Visual
33,254_SomatomotorLateral
35,36_SomatomotorDorsal
36,239_DefaultMode
37,71_Auditory
38,287_FrontoParietal
39,169_Visual
40,97_DefaultMode
41,82_DefaultMode
42,262_DefaultMode
43,173_Visual
44,32_SomatomotorDorsal
46,138_ParietoMedial
46,98_DefaultMode
48,106_DefaultMode
48,93_DefaultMode
49,243_Reward
50,105_DefaultMode
51,174_Visual
52,53_CinguloOpercular
53,33_SomatomotorDorsal
54,176_FrontoParietal
55,135_DefaultMode
56,57_CinguloOpercular
70,100_DefaultMode
70,110_DefaultMode
70,123_DefaultMode
70,137_ParietoMedial
70,139_ParietoMedial
70,144_Visual
70,155_Visual
70,188_FrontoParietal
70,18_SomatomotorDorsal
70,199_FrontoParietal
70,19_SomatomotorDorsal
70,215_VentralAttention
70,217_VentralAttention
70,220_DorsalAttention
70,233_DorsalAttention
70,255_SomatomotorLateral
70,268_CinguloOpercular
70,269_CinguloOpercular
70,273_SomatomotorDorsal
70,277_DefaultMode
70,294_CinguloOpercular
70,30_SomatomotorDorsal
70,70_Auditory
70,76_Auditory
70,77_Auditory
70,8_unassigned
87,120_DefaultMode
87,143_Visual
87,210_Salience
87,242_Reward
87,285_FrontoParietal
87,47_SomatomotorLateral
87,59_CinguloOpercular
87,83_DefaultMode
93,149_Visual
93,200_FrontoParietal
93,276_DorsalAttention
93,64_CinguloOpercular
95,267_CinguloOpercular
122,103_DefaultMode
122,107_DefaultMode
122,108_DefaultMode
122,113_DefaultMode
122,119_DefaultMode
122,11_unassigned
122,126_DefaultMode
122,132_DefaultMode
122,147_Visual
122,151_Visual
122,154_Visual
122,156_Visual
122,15_SomatomotorDorsal
122,160_Visual
122,170_Visual
122,172_Visual
122,178_FrontoParietal
122,180_FrontoParietal
122,189_FrontoParietal
122,203_Salience
122,204_Salience
122,21_SomatomotorDorsal
122,223_DorsalAttention
122,228_DorsalAttention
122,234_MedialTemporalLobe
122,240_Reward
122,250_FrontoParietal
122,256_VentralAttention
122,264_Visual
122,270_SomatomotorLateral
122,288_FrontoParietal
122,289_FrontoParietal
122,293_CinguloOpercular
122,296_SomatomotorDorsal
122,299_SomatomotorDorsal
122,29_SomatomotorDorsal
122,31_SomatomotorDorsal
122,38_SomatomotorDorsal
122,45_SomatomotorLateral
122,50_CinguloOpercular
122,52_CinguloOpercular
122,54_CinguloOpercular
122,60_CinguloOpercular
122,63_CinguloOpercular
122,66_CinguloOpercular
122,67_CinguloOpercular
122,69_Auditory
122,72_Auditory
122,75_Auditory
122,79_Auditory
122,81_DefaultMode
122,84_DefaultMode
122,99_DefaultMode
158,118_DefaultMode
158,153_Visual
158,158_Visual
158,165_Visual
158,184_FrontoParietal
158,196_FrontoParietal
158,202_Salience
158,207_Salience
158,244_Reward
158,245_Reward
158,251_FrontoParietal
158,257_VentralAttention
158,282_DefaultMode
158,284_FrontoParietal
158,295_SomatomotorDorsal
158,300_SomatomotorDorsal
158,40_SomatomotorDorsal
158,41_SomatomotorDorsal
158,9_unassigned
169,275_DorsalAttention
169,42_SomatomotorDorsal
197,102_DefaultMode
197,104_DefaultMode
197,112_DefaultMode
197,115_DefaultMode
197,121_DefaultMode
197,124_DefaultMode
197,127_DefaultMode
197,128_DefaultMode
197,131_DefaultMode
197,133_DefaultMode
197,13_SomatomotorDorsal
197,145_Visual
197,157_Visual
197,159_Visual
197,16_SomatomotorDorsal
197,171_Visual
197,175_FrontoParietal
197,177_FrontoParietal
197,179_FrontoParietal
197,190_FrontoParietal
197,191_FrontoParietal
197,192_FrontoParietal
197,193_FrontoParietal
197,194_FrontoParietal
197,197_FrontoParietal
197,208_Salience
197,20_SomatomotorDorsal
197,211_VentralAttention
197,212_VentralAttention
197,213_VentralAttention
197,227_DorsalAttention
197,23_SomatomotorDorsal
197,241_Reward
197,246_Reward
197,252_SomatomotorDorsal
197,261_CinguloOpercular
197,265_Visual
197,266_CinguloOpercular
197,272_SomatomotorDorsal
197,280_DefaultMode
197,281_DefaultMode
197,291_Salience
197,292_Salience
197,298_SomatomotorLateral
197,39_SomatomotorDorsal
197,44_SomatomotorDorsal
197,56_CinguloOpercular
197,58_CinguloOpercular
197,65_CinguloOpercular
197,68_CinguloOpercular
197,6_unassigned
197,87_DefaultMode
197,91_DefaultMode
197,92_DefaultMode
232,14_SomatomotorDorsal
232,182_FrontoParietal
232,198_FrontoParietal
232,206_Salience
232,218_VentralAttention
232,224_DorsalAttention
232,226_DorsalAttention
232,229_DorsalAttention
232,247_Reward
232,248_Salience
232,24_SomatomotorDorsal
232,26_SomatomotorDorsal
232,279_DefaultMode
232,86_DefaultMode
232,89_DefaultMode
232,96_DefaultMode
268,109_DefaultMode
268,114_DefaultMode
268,117_DefaultMode
268,122_DefaultMode
268,125_DefaultMode
268,129_DefaultMode
268,12_unassigned
268,136_ParietoMedial
268,140_ParietoMedial
268,142_Visual
268,146_Visual
268,148_Visual
268,150_Visual
268,162_Visual
268,166_Visual
268,167_Visual
268,17_SomatomotorDorsal
268,181_FrontoParietal
268,183_FrontoParietal
268,185_FrontoParietal
268,186_FrontoParietal
268,214_VentralAttention
268,216_VentralAttention
268,222_DorsalAttention
268,225_DorsalAttention
268,22_SomatomotorDorsal
268,231_DorsalAttention
268,232_DorsalAttention
268,235_MedialTemporalLobe
268,237_MedialTemporalLobe
268,249_Salience
268,259_CinguloOpercular
268,25_SomatomotorDorsal
268,271_SomatomotorLateral
268,274_CinguloOpercular
268,278_DefaultMode
268,27_SomatomotorDorsal
268,283_Visual
268,286_FrontoParietal
268,28_SomatomotorDorsal
268,2_unassigned
268,35_SomatomotorDorsal
268,37_SomatomotorDorsal
268,3_unassigned
268,43_SomatomotorDorsal
268,46_SomatomotorLateral
268,49_SomatomotorLateral
268,4_unassigned
268,51_CinguloOpercular
268,73_Auditory
268,74_Auditory
268,78_Auditory
268,7_unassigned
268,85_DefaultMode
268,88_DefaultMode
268,90_DefaultMode
268,94_DefaultMode
