Position	Gene
22427	C
22426	N
22425	C
22424	-
22423	N
22422	C
22421	A
22420	N
22419	A
22418	-
22417	A
22416	C
22415	C
22414	A
22413	-
22412	-
22411	A
22410	A
22409	N
22408	N
22407	C
22406	A
22405	A
22404	A
22403	A
22402	N
22401	C
22400	A
22399	A
22398	C
22397	A
22396	C
22395	A
22394	A
22393	A
22392	A
22391	C
22390	C
22389	A
22388	C
22387	-
22386	C
22385	C
22384	C
22383	C
22382	-
22381	A
22380	N
22379	N
22378	A
22377	C
22376	-
22375	-
22374	A
22373	A
22372	-
22371	C
22370	C
22369	-
22368	C
22367	A
22366	C
22365	C
22364	N
22363	N
22362	N
22361	C
22360	N
22359	C
22358	A
22357	C
22356	C
22355	A
22354	C
22353	C
22352	-
22351	N
22350	A
22349	-
22348	N
22347	C
22346	-
22345	N
22344	C
22343	N
22342	N
22341	C
22340	-
22339	N
29147	A
26591	-
26469	T
25092	T
23215	N
21752	T
18610	-
18294	A
16919	-
15446	A
14401	N
6389	T
4788	-
3136	C
2350	T
1460	-
1162	N
26884	C
26358	A
25751	N
3097	A
3094	C
3091	-
3087	C
3086	C
3085	C
3084	N
3082	N
3081	A
3080	A
3079	N
3078	A
3077	A
3076	N
3075	A
3074	A
3073	N
3072	C
3071	N
3068	A
3062	A
3046	N
3044	-
3039	-
3036	C
3024	N
3019	-
3018	A
3017	-
3016	C
3015	C
3011	C
3010	C
3008	A
3007	A
3006	C
3002	A
3000	C
2993	A
2991	C
2989	N
2988	C
2987	C
2986	C
2985	A
2984	C
2982	-
2981	A
2980	C
2979	-
2978	A
2977	C
2976	A
2975	-
2974	A
2973	C
2970	N
2969	C
2960	A
2959	N
2958	C
2957	A
2956	N
2955	A
2954	C
2953	C
2952	C
2951	A
2950	N
2949	C
2948	C
2947	A
2946	-
2945	N
2944	N
2943	N
2942	C
2941	-
2940	A
2939	-
24991	G
24987	G
21057	-
18386	-
12096	G
12068	G
12041	G
10729	N
3030	C
3029	N
3028	C
3027	C
3026	A
3025	C
3023	C
3014	-
3012	N
1646	A
25633	T
9008	T
29114	C
22013	A
1305	G
1303	G
1302	G
1301	G
1290	G
1289	G
1288	G
1287	G
1286	G
1285	G
1284	G
1267	G
1266	G
1265	G
1190	G
1189	G
1292	-
24996	T
10256	A
10194	-
1355	C
10480	G
10477	G
10476	G
10475	G
10474	G
10472	G
10471	G
10470	G
10469	G
10468	G
10467	G
10466	G
10453	G
10452	G
10451	G
10450	G
10449	G
10446	G
10433	G
10432	G
10431	G
10430	G
10429	G
7938	C
7934	-
7933	N
7914	A
7913	A
7898	N
7892	C
7889	C
7693	C
7692	N
7691	A
7690	-
7675	A
7674	N
7673	-
7672	N
7671	C
2509	G
2508	G
27662	A
27661	A
27660	-
27659	A
27658	N
27657	A
27656	-
27655	C
27654	A
27653	-
27652	C
27651	C
27650	N
27649	C
27648	-
27647	A
27646	A
27645	A
27644	C
27643	-
27642	-
27641	A
27640	-
27639	C
27638	C
27637	-
27636	N
7010	C
28611	-
28212	-
19239	A
18354	N
16320	T
9184	N
8623	-
6732	C
3203	-
27077	A
17045	C
2159	T
8154	C
10008	C
