DATE,No
10/09/2007,325
10/10/2007,417
10/11/2007,556
10/12/2007,467
10/13/2007,430
10/14/2007,434
10/15/2007,434
10/16/2007,416
10/17/2007,465
10/18/2007,575
10/19/2007,432
10/20/2007,474
10/21/2007,436
10/22/2007,364
10/23/2007,359
10/24/2007,411
10/25/2007,490
10/26/2007,408
10/27/2007,379
10/28/2007,398
10/29/2007,410
10/30/2007,374
10/31/2007,401
11/01/2007,484
11/02/2007,445
11/03/2007,405
11/04/2007,396
11/05/2007,386
11/06/2007,468
11/07/2007,459
11/08/2007,506
11/09/2007,462
11/10/2007,404
11/11/2007,386
11/12/2007,365
11/13/2007,376
11/14/2007,454
11/15/2007,556
11/16/2007,419
11/17/2007,381
11/18/2007,386
11/19/2007,378
11/20/2007,374
11/21/2007,406
11/22/2007,495
11/23/2007,408
11/24/2007,376
11/25/2007,405
11/26/2007,388
11/27/2007,413
11/28/2007,426
11/29/2007,507
11/30/2007,528
12/01/2007,441
12/02/2007,378
12/03/2007,407
12/04/2007,403
12/05/2007,437
12/06/2007,552
12/07/2007,485
12/08/2007,436
12/09/2007,390
12/10/2007,434
12/11/2007,448
12/12/2007,464
12/13/2007,554
12/14/2007,462
12/15/2007,467
12/16/2007,441
12/17/2007,457
12/18/2007,422
12/19/2007,419
12/20/2007,524
12/21/2007,432
12/22/2007,453
12/23/2007,401
12/24/2007,455
12/25/2007,453
12/26/2007,453
12/27/2007,536
12/28/2007,480
12/29/2007,447
12/30/2007,445
12/31/2007,452
01/01/2008,452
01/02/2008,513
01/03/2008,569
01/04/2008,420
01/05/2008,406
01/06/2008,408
01/07/2008,382
01/08/2008,415
01/09/2008,463
01/10/2008,607
01/11/2008,502
01/12/2008,435
01/13/2008,397
01/14/2008,380
01/15/2008,405
01/16/2008,457
01/17/2008,521
01/18/2008,454
01/19/2008,428
01/20/2008,403
01/21/2008,385
01/22/2008,440
01/23/2008,437
01/24/2008,494
01/25/2008,424
01/26/2008,448
01/27/2008,469
01/28/2008,572
01/29/2008,710
01/30/2008,716
01/31/2008,626
02/01/2008,542
02/02/2008,417
02/03/2008,407
02/04/2008,380
02/05/2008,463
02/06/2008,478
02/07/2008,574
02/08/2008,504
02/09/2008,427
02/10/2008,473
02/11/2008,438
02/12/2008,470
02/13/2008,470
02/14/2008,546
02/15/2008,483
02/16/2008,447
02/17/2008,404
02/18/2008,407
02/19/2008,458
02/20/2008,460
02/21/2008,564
02/22/2008,532
02/23/2008,466
02/24/2008,492
02/25/2008,487
02/26/2008,492
02/27/2008,512
02/28/2008,611
02/29/2008,550
03/01/2008,475
03/02/2008,478
03/03/2008,455
03/04/2008,494
03/05/2008,498
03/06/2008,572
03/07/2008,529
03/08/2008,420
03/09/2008,467
03/10/2008,512
03/11/2008,437
03/12/2008,484
03/13/2008,547
03/14/2008,521
03/15/2008,490
03/16/2008,499
03/17/2008,424
03/18/2008,477
03/19/2008,486
03/20/2008,582
03/21/2008,426
03/22/2008,406
03/23/2008,420
03/24/2008,417
03/25/2008,429
03/26/2008,470
03/27/2008,618
03/28/2008,468
03/29/2008,456
03/30/2008,455
03/31/2008,457
04/01/2008,492
04/02/2008,496
04/03/2008,552
04/04/2008,512
04/05/2008,491
04/06/2008,473
04/07/2008,418
04/08/2008,466
04/09/2008,452
04/10/2008,568
04/11/2008,467
04/12/2008,443
04/13/2008,428
04/14/2008,435
04/15/2008,425
04/16/2008,466
04/17/2008,521
04/18/2008,492
04/19/2008,419
04/20/2008,423
04/21/2008,439
04/22/2008,465
04/23/2008,483
04/24/2008,572
04/25/2008,416
04/26/2008,385
04/27/2008,399
04/28/2008,436
04/29/2008,452
04/30/2008,482
05/01/2008,543
05/02/2008,477
05/03/2008,489
05/04/2008,392
05/05/2008,462
05/06/2008,478
05/07/2008,463
05/08/2008,572
05/09/2008,502
05/10/2008,432
05/11/2008,432
05/12/2008,440
05/13/2008,491
05/14/2008,476
05/15/2008,512
05/16/2008,493
05/17/2008,460
05/18/2008,511
05/19/2008,453
05/20/2008,455
05/21/2008,471
05/22/2008,534
05/23/2008,516
05/24/2008,423
05/25/2008,415
05/26/2008,484
05/27/2008,485
05/28/2008,461
05/29/2008,592
05/30/2008,498
05/31/2008,544
06/01/2008,497
06/02/2008,511
06/03/2008,504
06/04/2008,491
06/05/2008,590
06/06/2008,510
06/07/2008,458
06/08/2008,485
06/09/2008,447
06/10/2008,509
06/11/2008,555
06/12/2008,664
06/13/2008,530
06/14/2008,485
06/15/2008,461
06/16/2008,484
06/17/2008,509
06/18/2008,575
06/19/2008,630
06/20/2008,547
06/21/2008,449
06/22/2008,492
06/23/2008,511
06/24/2008,503
06/25/2008,498
06/26/2008,612
06/27/2008,487
06/28/2008,481
06/29/2008,431
06/30/2008,429
07/01/2008,488
07/02/2008,465
07/03/2008,550
07/04/2008,469
07/05/2008,485
07/06/2008,457
07/07/2008,439
07/08/2008,399
07/09/2008,514
07/10/2008,580
07/11/2008,486
07/12/2008,472
07/13/2008,452
07/14/2008,448
07/15/2008,434
07/16/2008,471
07/17/2008,583
07/18/2008,456
07/19/2008,479
07/20/2008,457
07/21/2008,420
07/22/2008,435
07/23/2008,481
07/24/2008,508
07/25/2008,538
07/26/2008,432
07/27/2008,413
07/28/2008,399
07/29/2008,438
07/30/2008,462
07/31/2008,514
08/01/2008,494
08/02/2008,413
08/03/2008,422
08/04/2008,399
08/05/2008,419
08/06/2008,473
08/07/2008,519
08/08/2008,484
08/09/2008,424
08/10/2008,399
08/11/2008,416
08/12/2008,416
08/13/2008,460
08/14/2008,517
08/15/2008,450
08/16/2008,385
08/17/2008,411
08/18/2008,379
08/19/2008,387
08/20/2008,474
08/21/2008,517
08/22/2008,457
08/23/2008,388
08/24/2008,383
08/25/2008,436
08/26/2008,454
08/27/2008,448
08/28/2008,529
08/29/2008,451
08/30/2008,410
08/31/2008,391
09/01/2008,406
09/02/2008,412
09/03/2008,402
09/04/2008,486
09/05/2008,450
09/06/2008,450
09/07/2008,443
09/08/2008,405
09/09/2008,431
09/10/2008,460
09/11/2008,556
09/12/2008,513
09/13/2008,406
09/14/2008,471
09/15/2008,454
09/16/2008,443
09/17/2008,454
09/18/2008,501
09/19/2008,486
09/20/2008,431
09/21/2008,401
09/22/2008,425
09/23/2008,415
09/24/2008,426
09/25/2008,602
09/26/2008,448
09/27/2008,375
09/28/2008,444
09/29/2008,432
09/30/2008,498
10/01/2008,443
10/02/2008,550
10/03/2008,448
10/04/2008,437
10/05/2008,432
10/06/2008,411
10/07/2008,404
10/08/2008,489
10/09/2008,516
10/10/2008,471
10/11/2008,448
10/12/2008,429
10/13/2008,392
10/14/2008,456
10/15/2008,472
10/16/2008,527
10/17/2008,429
10/18/2008,446
10/19/2008,414
10/20/2008,403
10/21/2008,417
10/22/2008,465
10/23/2008,511
10/24/2008,453
10/25/2008,412
10/26/2008,445
10/27/2008,443
10/28/2008,394
10/29/2008,462
10/30/2008,449
10/31/2008,443
11/01/2008,387
11/02/2008,393
11/03/2008,383
11/04/2008,424
11/05/2008,421
11/06/2008,511
11/07/2008,402
11/08/2008,396
11/09/2008,369
11/10/2008,356
11/11/2008,425
11/12/2008,435
11/13/2008,498
11/14/2008,463
11/15/2008,384
11/16/2008,401
11/17/2008,377
11/18/2008,376
11/19/2008,407
11/20/2008,465
11/21/2008,426
11/22/2008,375
11/23/2008,399
11/24/2008,404
11/25/2008,400
11/26/2008,391
11/27/2008,456
11/28/2008,451
11/29/2008,393
11/30/2008,414
12/01/2008,398
12/02/2008,422
12/03/2008,442
12/04/2008,460
12/05/2008,433
12/06/2008,411
12/07/2008,400
12/08/2008,399
12/09/2008,437
12/10/2008,433
12/11/2008,498
12/12/2008,430
12/13/2008,378
12/14/2008,383
12/15/2008,383
12/16/2008,390
12/17/2008,430
12/18/2008,535
12/19/2008,464
12/20/2008,393
12/21/2008,403
12/22/2008,429
12/23/2008,439
12/24/2008,431
12/25/2008,508
12/26/2008,464
12/27/2008,355
12/28/2008,385
12/29/2008,439
12/30/2008,381
12/31/2008,436
01/01/2009,494
01/02/2009,460
01/03/2009,414
01/04/2009,391
01/05/2009,418
01/06/2009,428
01/07/2009,503
01/08/2009,578
01/09/2009,514
01/10/2009,516
01/11/2009,547
01/12/2009,486
01/13/2009,442
01/14/2009,475
01/15/2009,649
01/16/2009,807
01/17/2009,794
01/18/2009,841
01/19/2009,740
01/20/2009,557
01/21/2009,593
01/22/2009,634
01/23/2009,573
01/24/2009,495
01/25/2009,477
01/26/2009,472
01/27/2009,455
01/28/2009,470
01/29/2009,579
01/30/2009,409
01/31/2009,434
02/01/2009,433
02/02/2009,481
02/03/2009,461
02/04/2009,485
02/05/2009,597
02/06/2009,448
02/07/2009,370
02/08/2009,398
02/09/2009,390
02/10/2009,366
02/11/2009,422
02/12/2009,491
02/13/2009,388
02/14/2009,377
02/15/2009,403
02/16/2009,366
02/17/2009,375
02/18/2009,457
02/19/2009,462
02/20/2009,402
02/21/2009,402
02/22/2009,375
02/23/2009,358
02/24/2009,377
02/25/2009,358
02/26/2009,469
02/27/2009,393
02/28/2009,396
03/01/2009,371
03/02/2009,367
03/03/2009,415
03/04/2009,389
03/05/2009,504
03/06/2009,383
03/07/2009,383
03/08/2009,386
03/09/2009,363
03/10/2009,387
03/11/2009,462
03/12/2009,526
03/13/2009,400
03/14/2009,390
03/15/2009,360
03/16/2009,398
03/17/2009,406
03/18/2009,434
03/19/2009,505
03/20/2009,455
03/21/2009,379
03/22/2009,410
03/23/2009,339
03/24/2009,402
03/25/2009,470
03/26/2009,514
03/27/2009,390
03/28/2009,406
03/29/2009,395
03/30/2009,409
03/31/2009,439
04/01/2009,461
04/02/2009,532
04/03/2009,462
04/04/2009,402
04/05/2009,414
04/06/2009,418
04/07/2009,385
04/08/2009,463
04/09/2009,485
04/10/2009,437
04/11/2009,396
04/12/2009,349
04/13/2009,391
04/14/2009,428
04/15/2009,445
04/16/2009,445
04/17/2009,429
04/18/2009,381
04/19/2009,411
04/20/2009,435
04/21/2009,416
04/22/2009,447
04/23/2009,536
04/24/2009,438
04/25/2009,405
04/26/2009,382
04/27/2009,437
04/28/2009,407
04/29/2009,453
04/30/2009,531
05/01/2009,477
05/02/2009,432
05/03/2009,388
05/04/2009,409
05/05/2009,446
05/06/2009,428
05/07/2009,576
05/08/2009,471
05/09/2009,401
05/10/2009,409
05/11/2009,434
05/12/2009,469
05/13/2009,476
05/14/2009,513
05/15/2009,453
05/16/2009,407
05/17/2009,432
05/18/2009,438
05/19/2009,454
05/20/2009,440
05/21/2009,501
05/22/2009,452
05/23/2009,389
05/24/2009,405
05/25/2009,380
05/26/2009,370
05/27/2009,447
05/28/2009,466
05/29/2009,449
05/30/2009,372
05/31/2009,416
06/01/2009,397
06/02/2009,393
06/03/2009,434
06/04/2009,487
06/05/2009,422
06/06/2009,363
06/07/2009,389
06/08/2009,421
06/09/2009,422
06/10/2009,428
06/11/2009,499
06/12/2009,451
06/13/2009,425
06/14/2009,392
06/15/2009,376
06/16/2009,376
06/17/2009,436
06/18/2009,490
06/19/2009,462
06/20/2009,385
06/21/2009,406
06/22/2009,401
06/23/2009,420
06/24/2009,428
06/25/2009,505
06/26/2009,418
06/27/2009,422
06/28/2009,404
06/29/2009,397
06/30/2009,406
07/01/2009,439
07/02/2009,514
07/03/2009,476
07/04/2009,418
07/05/2009,377
07/06/2009,416
07/07/2009,427
07/08/2009,504
07/09/2009,526
07/10/2009,448
07/11/2009,416
07/12/2009,443
07/13/2009,405
07/14/2009,387
07/15/2009,422
07/16/2009,549
07/17/2009,470
07/18/2009,447
07/19/2009,456
07/20/2009,410
07/21/2009,431
07/22/2009,451
07/23/2009,549
07/24/2009,481
07/25/2009,477
07/26/2009,456
07/27/2009,406
07/28/2009,468
07/29/2009,443
07/30/2009,554
07/31/2009,480
08/01/2009,417
08/02/2009,432
08/03/2009,431
08/04/2009,418
08/05/2009,509
08/06/2009,518
08/07/2009,421
08/08/2009,452
08/09/2009,398
08/10/2009,452
08/11/2009,474
08/12/2009,486
08/13/2009,614
08/14/2009,535
08/15/2009,496
08/16/2009,513
08/17/2009,535
08/18/2009,516
08/19/2009,608
08/20/2009,643
08/21/2009,575
08/22/2009,533
08/23/2009,541
08/24/2009,487
08/25/2009,557
08/26/2009,598
08/27/2009,689
08/28/2009,601
08/29/2009,499
08/30/2009,490
08/31/2009,528
09/01/2009,545
09/02/2009,560
09/03/2009,696
09/04/2009,530
09/05/2009,507
09/06/2009,464
09/07/2009,471
09/08/2009,526
09/09/2009,552
09/10/2009,640
09/11/2009,521
09/12/2009,484
09/13/2009,464
09/14/2009,483
09/15/2009,496
09/16/2009,512
09/17/2009,600
09/18/2009,480
09/19/2009,404
09/20/2009,440
09/21/2009,447
09/22/2009,444
09/23/2009,516
09/24/2009,651
09/25/2009,471
09/26/2009,416
09/27/2009,456
09/28/2009,434
09/29/2009,496
09/30/2009,521
10/01/2009,582
10/02/2009,465
10/03/2009,460
10/04/2009,424
10/05/2009,437
10/06/2009,481
10/07/2009,493
10/08/2009,591
10/09/2009,502
10/10/2009,461
10/11/2009,418
10/12/2009,409
10/13/2009,505
10/14/2009,472
10/15/2009,574
10/16/2009,496
10/17/2009,446
10/18/2009,474
10/19/2009,446
10/20/2009,463
10/21/2009,477
10/22/2009,580
10/23/2009,450
10/24/2009,379
10/25/2009,424
10/26/2009,471
10/27/2009,440
10/28/2009,564
10/29/2009,574
10/30/2009,513
10/31/2009,446
11/01/2009,420
11/02/2009,407
11/03/2009,436
11/04/2009,447
11/05/2009,597
11/06/2009,474
11/07/2009,407
11/08/2009,425
11/09/2009,422
11/10/2009,391
11/11/2009,443
11/12/2009,544
11/13/2009,482
11/14/2009,437
11/15/2009,449
11/16/2009,466
11/17/2009,441
11/18/2009,478
11/19/2009,565
11/20/2009,453
11/21/2009,431
11/22/2009,398
11/23/2009,392
11/24/2009,409
11/25/2009,454
11/26/2009,514
11/27/2009,411
11/28/2009,430
11/29/2009,427
11/30/2009,431
12/01/2009,357
12/02/2009,454
12/03/2009,505
12/04/2009,419
12/05/2009,386
12/06/2009,366
12/07/2009,363
12/08/2009,378
12/09/2009,403
12/10/2009,455
12/11/2009,395
12/12/2009,404
12/13/2009,417
12/14/2009,407
12/15/2009,448
12/16/2009,434
12/17/2009,512
12/18/2009,416
12/19/2009,420
12/20/2009,401
12/21/2009,396
12/22/2009,471
12/23/2009,498
12/24/2009,511
12/25/2009,468
12/26/2009,441
12/27/2009,405
12/28/2009,382
12/29/2009,444
12/30/2009,476
12/31/2009,509
01/01/2010,460
01/02/2010,408
01/03/2010,378
01/04/2010,406
01/05/2010,442
01/06/2010,477
01/07/2010,556
01/08/2010,401
01/09/2010,449
01/10/2010,426
01/11/2010,453
01/12/2010,423
01/13/2010,429
01/14/2010,501
01/15/2010,483
01/16/2010,364
01/17/2010,433
01/18/2010,426
01/19/2010,412
01/20/2010,473
01/21/2010,555
01/22/2010,442
01/23/2010,416
01/24/2010,370
01/25/2010,398
01/26/2010,393
01/27/2010,424
01/28/2010,485
01/29/2010,490
01/30/2010,441
01/31/2010,419
02/01/2010,451
02/02/2010,435
02/03/2010,476
02/04/2010,616
02/05/2010,687
02/06/2010,628
02/07/2010,539
02/08/2010,428
02/09/2010,376
02/10/2010,427
02/11/2010,530
02/12/2010,400
02/13/2010,381
02/14/2010,441
02/15/2010,395
02/16/2010,518
02/17/2010,468
02/18/2010,542
02/19/2010,466
02/20/2010,474
02/21/2010,434
02/22/2010,440
02/23/2010,464
02/24/2010,461
02/25/2010,505
02/26/2010,466
02/27/2010,371
02/28/2010,419
03/01/2010,382
03/02/2010,397
03/03/2010,460
03/04/2010,567
03/05/2010,488
03/06/2010,412
03/07/2010,374
03/08/2010,451
03/09/2010,448
03/10/2010,501
03/11/2010,549
03/12/2010,478
03/13/2010,505
03/14/2010,430
03/15/2010,379
03/16/2010,409
03/17/2010,451
03/18/2010,539
03/19/2010,449
03/20/2010,427
03/21/2010,443
03/22/2010,433
03/23/2010,420
03/24/2010,443
03/25/2010,527
03/26/2010,516
03/27/2010,439
03/28/2010,414
03/29/2010,417
03/30/2010,392
03/31/2010,509
04/01/2010,516
04/02/2010,515
04/03/2010,443
04/04/2010,462
04/05/2010,379
04/06/2010,399
04/07/2010,437
04/08/2010,511
04/09/2010,438
04/10/2010,439
04/11/2010,442
04/12/2010,451
04/13/2010,433
04/14/2010,452
04/15/2010,502
04/16/2010,484
04/17/2010,411
04/18/2010,381
04/19/2010,414
04/20/2010,455
04/21/2010,506
04/22/2010,562
04/23/2010,523
04/24/2010,482
04/25/2010,472
04/26/2010,451
04/27/2010,496
04/28/2010,457
04/29/2010,583
04/30/2010,467
05/01/2010,457
05/02/2010,472
05/03/2010,418
05/04/2010,510
05/05/2010,474
05/06/2010,528
05/07/2010,460
05/08/2010,453
05/09/2010,446
05/10/2010,507
05/11/2010,449
05/12/2010,505
05/13/2010,517
05/14/2010,477
05/15/2010,518
05/16/2010,458
05/17/2010,476
05/18/2010,445
05/19/2010,466
05/20/2010,467
05/21/2010,480
05/22/2010,419
05/23/2010,406
05/24/2010,367
05/25/2010,432
05/26/2010,446
05/27/2010,486
05/28/2010,416
05/29/2010,407
05/30/2010,425
05/31/2010,383
06/01/2010,416
06/02/2010,429
06/03/2010,467
06/04/2010,437
06/05/2010,453
06/06/2010,495
06/07/2010,444
06/08/2010,444
06/09/2010,471
06/10/2010,539
06/11/2010,514
06/12/2010,454
06/13/2010,436
06/14/2010,442
06/15/2010,440
06/16/2010,464
06/17/2010,523
06/18/2010,449
06/19/2010,458
06/20/2010,444
06/21/2010,430
06/22/2010,432
06/23/2010,519
06/24/2010,588
06/25/2010,473
06/26/2010,465
06/27/2010,459
06/28/2010,487
06/29/2010,513
06/30/2010,459
07/01/2010,584
07/02/2010,496
07/03/2010,463
07/04/2010,439
07/05/2010,470
07/06/2010,434
07/07/2010,485
07/08/2010,523
07/09/2010,470
07/10/2010,444
07/11/2010,442
07/12/2010,469
07/13/2010,478
07/14/2010,464
07/15/2010,555
07/16/2010,444
07/17/2010,422
07/18/2010,418
07/19/2010,398
07/20/2010,468
07/21/2010,475
07/22/2010,511
07/23/2010,443
07/24/2010,456
07/25/2010,419
07/26/2010,453
07/27/2010,436
07/28/2010,453
07/29/2010,526
07/30/2010,430
07/31/2010,449
08/01/2010,477
08/02/2010,408
08/03/2010,473
08/04/2010,457
08/05/2010,538
08/06/2010,513
08/07/2010,431
08/08/2010,450
08/09/2010,435
08/10/2010,427
08/11/2010,480
08/12/2010,502
08/13/2010,407
08/14/2010,482
08/15/2010,404
08/16/2010,427
08/17/2010,421
08/18/2010,461
08/19/2010,526
08/20/2010,435
08/21/2010,418
08/22/2010,423
08/23/2010,432
08/24/2010,431
08/25/2010,462
08/26/2010,563
08/27/2010,516
08/28/2010,472
08/29/2010,417
08/30/2010,448
08/31/2010,460
09/01/2010,488
09/02/2010,548
09/03/2010,477
09/04/2010,441
09/05/2010,467
09/06/2010,463
09/07/2010,465
09/08/2010,492
09/09/2010,514
09/10/2010,482
09/11/2010,485
09/12/2010,492
09/13/2010,469
09/14/2010,467
09/15/2010,491
09/16/2010,528
09/17/2010,505
09/18/2010,453
09/19/2010,413
09/20/2010,458
09/21/2010,461
09/22/2010,477
09/23/2010,517
09/24/2010,448
09/25/2010,415
09/26/2010,430
09/27/2010,446
09/28/2010,428
09/29/2010,462
09/30/2010,488
10/01/2010,466
10/02/2010,453
10/03/2010,448
10/04/2010,417
10/05/2010,418
10/06/2010,460
10/07/2010,498
10/08/2010,430
10/09/2010,385
10/10/2010,386
10/11/2010,385
10/12/2010,398
10/13/2010,434
10/14/2010,533
10/15/2010,450
10/16/2010,401
10/17/2010,336
10/18/2010,370
10/19/2010,375
10/20/2010,422
10/21/2010,461
10/22/2010,426
10/23/2010,423
10/24/2010,392
10/25/2010,437
10/26/2010,412
10/27/2010,408
10/28/2010,455
10/29/2010,413
10/30/2010,439
10/31/2010,408
11/01/2010,407
11/02/2010,405
11/03/2010,466
11/04/2010,493
11/05/2010,459
11/06/2010,427
11/07/2010,392
11/08/2010,371
11/09/2010,435
11/10/2010,411
11/11/2010,452
11/12/2010,452
11/13/2010,393
11/14/2010,399
11/15/2010,386
11/16/2010,385
11/17/2010,438
11/18/2010,506
11/19/2010,436
11/20/2010,416
11/21/2010,394
11/22/2010,386
11/23/2010,439
11/24/2010,477
11/25/2010,497
11/26/2010,444
11/27/2010,430
11/28/2010,377
11/29/2010,409
11/30/2010,397
12/01/2010,411
12/02/2010,487
12/03/2010,469
12/04/2010,413
12/05/2010,366
12/06/2010,343
12/07/2010,366
12/08/2010,474
12/09/2010,488
12/10/2010,461
12/11/2010,429
12/12/2010,437
12/13/2010,414
12/14/2010,427
12/15/2010,437
12/16/2010,500
12/17/2010,442
12/18/2010,434
12/19/2010,465
12/20/2010,476
12/21/2010,438
12/22/2010,515
12/23/2010,559
12/24/2010,460
12/25/2010,416
12/26/2010,482
12/27/2010,474
12/28/2010,421
12/29/2010,469
12/30/2010,536
12/31/2010,484
01/01/2011,408
01/02/2011,446
01/03/2011,475
01/04/2011,498
01/05/2011,511
01/06/2011,597
01/07/2011,493
01/08/2011,496
01/09/2011,538
01/10/2011,497
01/11/2011,494
01/12/2011,552
01/13/2011,599
01/14/2011,533
01/15/2011,508
01/16/2011,534
01/17/2011,529
01/18/2011,516
01/19/2011,609
01/20/2011,589
01/21/2011,575
01/22/2011,515
01/23/2011,605
01/24/2011,788
01/25/2011,902
01/26/2011,864
01/27/2011,843
01/28/2011,624
01/29/2011,525
01/30/2011,561
01/31/2011,537
02/01/2011,520
02/02/2011,545
02/03/2011,636
02/04/2011,493
02/05/2011,470
02/06/2011,496
02/07/2011,453
02/08/2011,480
02/09/2011,477
02/10/2011,567
02/11/2011,482
02/12/2011,489
02/13/2011,498
02/14/2011,429
02/15/2011,503
02/16/2011,521
02/17/2011,570
02/18/2011,611
02/19/2011,515
02/20/2011,487
02/21/2011,421
02/22/2011,448
02/23/2011,472
02/24/2011,580
02/25/2011,474
02/26/2011,425
02/27/2011,448
02/28/2011,444
03/01/2011,421
03/02/2011,499
03/03/2011,553
03/04/2011,515
03/05/2011,465
03/06/2011,438
03/07/2011,426
03/08/2011,444
03/09/2011,475
03/10/2011,550
03/11/2011,541
03/12/2011,450
03/13/2011,469
03/14/2011,414
03/15/2011,430
03/16/2011,447
03/17/2011,492
03/18/2011,473
03/19/2011,454
03/20/2011,393
03/21/2011,435
03/22/2011,473
03/23/2011,524
03/24/2011,544
03/25/2011,559
03/26/2011,503
03/27/2011,504
03/28/2011,480
03/29/2011,501
03/30/2011,509
03/31/2011,533
04/01/2011,499
04/02/2011,443
04/03/2011,494
04/04/2011,405
04/05/2011,463
04/06/2011,535
04/07/2011,482
04/08/2011,495
04/09/2011,456
04/10/2011,446
04/11/2011,406
04/12/2011,473
04/13/2011,436
04/14/2011,494
04/15/2011,487
04/16/2011,452
04/17/2011,430
04/18/2011,415
04/19/2011,424
04/20/2011,455
04/21/2011,522
04/22/2011,461
04/23/2011,444
04/24/2011,414
04/25/2011,408
04/26/2011,452
04/27/2011,469
04/28/2011,530
04/29/2011,494
04/30/2011,464
05/01/2011,463
05/02/2011,480
05/03/2011,448
05/04/2011,495
05/05/2011,471
05/06/2011,434
05/07/2011,390
05/08/2011,413
05/09/2011,439
05/10/2011,479
05/11/2011,458
05/12/2011,542
05/13/2011,491
05/14/2011,425
05/15/2011,424
05/16/2011,439
05/17/2011,422
05/18/2011,421
05/19/2011,471
05/20/2011,468
05/21/2011,461
05/22/2011,432
05/23/2011,429
05/24/2011,486
05/25/2011,522
05/26/2011,596
05/27/2011,566
05/28/2011,510
05/29/2011,441
05/30/2011,492
05/31/2011,464
06/01/2011,506
06/02/2011,536
06/03/2011,502
06/04/2011,426
06/05/2011,451
06/06/2011,451
06/07/2011,405
06/08/2011,470
06/09/2011,534
06/10/2011,461
06/11/2011,456
06/12/2011,426
06/13/2011,449
06/14/2011,404
06/15/2011,456
06/16/2011,494
06/17/2011,488
06/18/2011,394
06/19/2011,433
06/20/2011,407
06/21/2011,436
06/22/2011,458
06/23/2011,507
06/24/2011,496
06/25/2011,410
06/26/2011,421
06/27/2011,473
06/28/2011,425
06/29/2011,439
06/30/2011,488
07/01/2011,461
07/02/2011,417
07/03/2011,427
07/04/2011,437
07/05/2011,423
07/06/2011,457
07/07/2011,492
07/08/2011,405
07/09/2011,442
07/10/2011,419
07/11/2011,455
07/12/2011,430
07/13/2011,429
07/14/2011,542
07/15/2011,483
07/16/2011,448
07/17/2011,428
07/18/2011,433
07/19/2011,463
07/20/2011,517
07/21/2011,482
07/22/2011,445
07/23/2011,409
07/24/2011,413
07/25/2011,373
07/26/2011,454
07/27/2011,429
07/28/2011,494
07/29/2011,460
07/30/2011,424
07/31/2011,416
08/01/2011,441
08/02/2011,423
08/03/2011,478
08/04/2011,447
08/05/2011,465
08/06/2011,411
08/07/2011,410
08/08/2011,416
08/09/2011,402
08/10/2011,483
08/11/2011,480
08/12/2011,448
08/13/2011,448
08/14/2011,394
08/15/2011,399
08/16/2011,401
08/17/2011,464
08/18/2011,507
08/19/2011,435
08/20/2011,401
08/21/2011,407
08/22/2011,390
08/23/2011,389
08/24/2011,440
08/25/2011,554
08/26/2011,440
08/27/2011,444
08/28/2011,428
08/29/2011,434
08/30/2011,438
08/31/2011,491
09/01/2011,555
09/02/2011,571
09/03/2011,447
09/04/2011,445
09/05/2011,435
09/06/2011,427
09/07/2011,489
09/08/2011,520
09/09/2011,437
09/10/2011,444
09/11/2011,403
09/12/2011,390
09/13/2011,436
09/14/2011,414
09/15/2011,482
09/16/2011,421
09/17/2011,389
09/18/2011,434
09/19/2011,405
09/20/2011,430
09/21/2011,426
09/22/2011,434
09/23/2011,414
09/24/2011,386
09/25/2011,361
09/26/2011,403
09/27/2011,418
09/28/2011,445
09/29/2011,491
09/30/2011,518
10/01/2011,447
10/02/2011,418
10/03/2011,422
10/04/2011,411
10/05/2011,423
10/06/2011,454
10/07/2011,422
10/08/2011,408
10/09/2011,402
10/10/2011,423
10/11/2011,411
10/12/2011,453
10/13/2011,465
10/14/2011,431
10/15/2011,405
10/16/2011,375
10/17/2011,403
10/18/2011,418
10/19/2011,467
10/20/2011,432
10/21/2011,394
10/22/2011,381
10/23/2011,407
10/24/2011,358
10/25/2011,399
10/26/2011,457
10/27/2011,475
10/28/2011,409
10/29/2011,435
10/30/2011,371
10/31/2011,338
11/01/2011,404
11/02/2011,438
11/03/2011,404
11/04/2011,423
11/05/2011,378
11/06/2011,367
11/07/2011,372
11/08/2011,395
11/09/2011,408
11/10/2011,408
11/11/2011,433
11/12/2011,422
11/13/2011,399
11/14/2011,338
11/15/2011,373
11/16/2011,377
11/17/2011,496
11/18/2011,440
11/19/2011,424
11/20/2011,416
11/21/2011,366
11/22/2011,383
11/23/2011,447
11/24/2011,454
11/25/2011,452
11/26/2011,381
11/27/2011,402
11/28/2011,383
11/29/2011,391
11/30/2011,393
12/01/2011,395
12/02/2011,393
12/03/2011,376
12/04/2011,398
12/05/2011,379
12/06/2011,410
12/07/2011,403
12/08/2011,456
12/09/2011,479
12/10/2011,394
12/11/2011,421
12/12/2011,382
12/13/2011,392
12/14/2011,424
12/15/2011,440
12/16/2011,430
12/17/2011,474
12/18/2011,444
12/19/2011,417
12/20/2011,437
12/21/2011,494
12/22/2011,625
12/23/2011,468
12/24/2011,481
12/25/2011,415
12/26/2011,457
12/27/2011,486
12/28/2011,537
12/29/2011,597
12/30/2011,523
12/31/2011,530
01/01/2012,514
01/02/2012,534
01/03/2012,513
01/04/2012,541
01/05/2012,610
01/06/2012,493
01/07/2012,515
01/08/2012,507
01/09/2012,515
01/10/2012,511
01/11/2012,564
01/12/2012,589
01/13/2012,742
01/14/2012,763
01/15/2012,755
01/16/2012,631
01/17/2012,561
01/18/2012,515
01/19/2012,562
01/20/2012,470
01/21/2012,475
01/22/2012,431
01/23/2012,441
01/24/2012,405
01/25/2012,482
01/26/2012,512
01/27/2012,512
01/28/2012,446
01/29/2012,367
01/30/2012,404
01/31/2012,397
02/01/2012,453
02/02/2012,458
02/03/2012,520
02/04/2012,439
02/05/2012,439
02/06/2012,430
02/07/2012,419
02/08/2012,407
02/09/2012,446
02/10/2012,414
02/11/2012,475
02/12/2012,423
02/13/2012,407
02/14/2012,406
02/15/2012,445
02/16/2012,470
02/17/2012,441
02/18/2012,446
02/19/2012,440
02/20/2012,418
02/21/2012,390
02/22/2012,441
02/23/2012,502
02/24/2012,506
02/25/2012,435
02/26/2012,406
02/27/2012,414
02/28/2012,401
02/29/2012,414
03/01/2012,439
03/02/2012,420
03/03/2012,385
03/04/2012,395
03/05/2012,359
03/06/2012,438
03/07/2012,428
03/08/2012,501
03/09/2012,431
03/10/2012,439
03/11/2012,424
03/12/2012,399
03/13/2012,416
03/14/2012,391
03/15/2012,467
03/16/2012,417
03/17/2012,427
03/18/2012,419
03/19/2012,434
03/20/2012,456
03/21/2012,402
03/22/2012,493
03/23/2012,480
03/24/2012,460
03/25/2012,467
03/26/2012,427
03/27/2012,460
03/28/2012,434
03/29/2012,458
03/30/2012,424
03/31/2012,425
04/01/2012,438
04/02/2012,415
04/03/2012,407
04/04/2012,447
04/05/2012,506
04/06/2012,438
04/07/2012,388
04/08/2012,427
04/09/2012,438
04/10/2012,403
04/11/2012,443
04/12/2012,466
04/13/2012,478
04/14/2012,426
04/15/2012,465
04/16/2012,392
04/17/2012,426
04/18/2012,422
04/19/2012,482
04/20/2012,435
04/21/2012,426
04/22/2012,438
04/23/2012,383
04/24/2012,416
04/25/2012,443
04/26/2012,474
04/27/2012,454
04/28/2012,455
04/29/2012,420
04/30/2012,403
05/01/2012,405
05/02/2012,500
05/03/2012,495
05/04/2012,474
05/05/2012,458
05/06/2012,449
05/07/2012,394
05/08/2012,456
05/09/2012,423
05/10/2012,483
05/11/2012,443
05/12/2012,437
05/13/2012,471
05/14/2012,465
05/15/2012,393
05/16/2012,496
05/17/2012,495
05/18/2012,433
05/19/2012,475
05/20/2012,447
05/21/2012,439
05/22/2012,407
05/23/2012,488
05/24/2012,488
05/25/2012,468
05/26/2012,403
05/27/2012,443
05/28/2012,457
05/29/2012,451
05/30/2012,484
05/31/2012,467
06/01/2012,513
06/02/2012,420
06/03/2012,420
06/04/2012,445
06/05/2012,423
06/06/2012,445
06/07/2012,481
06/08/2012,458
06/09/2012,472
06/10/2012,387
06/11/2012,433
06/12/2012,475
06/13/2012,524
06/14/2012,547
06/15/2012,492
06/16/2012,500
06/17/2012,453
06/18/2012,438
06/19/2012,491
06/20/2012,509
06/21/2012,556
06/22/2012,484
06/23/2012,452
06/24/2012,483
06/25/2012,430
06/26/2012,445
06/27/2012,476
06/28/2012,569
06/29/2012,531
06/30/2012,438
07/01/2012,475
07/02/2012,421
07/03/2012,447
07/04/2012,533
07/05/2012,532
07/06/2012,451
07/07/2012,442
07/08/2012,471
07/09/2012,452
07/10/2012,481
07/11/2012,464
07/12/2012,511
07/13/2012,502
07/14/2012,432
07/15/2012,459
07/16/2012,460
07/17/2012,458
07/18/2012,469
07/19/2012,493
07/20/2012,440
07/21/2012,428
07/22/2012,391
07/23/2012,379
07/24/2012,405
07/25/2012,380
07/26/2012,473
07/27/2012,491
07/28/2012,419
07/29/2012,362
07/30/2012,422
07/31/2012,437
08/01/2012,410
08/02/2012,506
08/03/2012,453
08/04/2012,449
08/05/2012,410
08/06/2012,430
08/07/2012,468
08/08/2012,410
08/09/2012,482
08/10/2012,443
08/11/2012,393
08/12/2012,412
08/13/2012,396
08/14/2012,395
08/15/2012,444
08/16/2012,513
08/17/2012,430
08/18/2012,381
08/19/2012,394
08/20/2012,453
08/21/2012,374
08/22/2012,445
08/23/2012,472
08/24/2012,419
08/25/2012,442
08/26/2012,408
08/27/2012,403
08/28/2012,435
08/29/2012,462
08/30/2012,459
08/31/2012,491
09/01/2012,370
09/02/2012,407
09/03/2012,442
09/04/2012,436
09/05/2012,438
09/06/2012,473
09/07/2012,449
09/08/2012,361
09/09/2012,416
09/10/2012,421
09/11/2012,450
09/12/2012,449
09/13/2012,502
09/14/2012,425
09/15/2012,395
09/16/2012,409
09/17/2012,417
09/18/2012,447
09/19/2012,407
09/20/2012,531
09/21/2012,412
09/22/2012,347
09/23/2012,432
09/24/2012,402
09/25/2012,446
09/26/2012,443
09/27/2012,478
09/28/2012,452
09/29/2012,468
09/30/2012,492
10/01/2012,453
10/02/2012,430
10/03/2012,445
10/04/2012,475
10/05/2012,462
10/06/2012,424
10/07/2012,454
10/08/2012,364
10/09/2012,456
10/10/2012,446
10/11/2012,455
10/12/2012,461
10/13/2012,441
10/14/2012,441
10/15/2012,432
10/16/2012,446
10/17/2012,448
10/18/2012,496
10/19/2012,496
10/20/2012,450
10/21/2012,396
10/22/2012,378
10/23/2012,386
10/24/2012,389
10/25/2012,464
10/26/2012,428
10/27/2012,410
10/28/2012,394
10/29/2012,424
10/30/2012,454
10/31/2012,440
11/01/2012,430
11/02/2012,460
11/03/2012,418
11/04/2012,432
11/05/2012,411
11/06/2012,425
11/07/2012,429
11/08/2012,406
11/09/2012,442
11/10/2012,407
11/11/2012,411
11/12/2012,359
11/13/2012,412
11/14/2012,396
11/15/2012,433
11/16/2012,416
11/17/2012,384
11/18/2012,380
11/19/2012,378
11/20/2012,387
11/21/2012,408
11/22/2012,439
11/23/2012,393
11/24/2012,390
11/25/2012,384
11/26/2012,380
11/27/2012,405
11/28/2012,431
11/29/2012,411
11/30/2012,467
12/01/2012,381
12/02/2012,351
12/03/2012,402
12/04/2012,427
12/05/2012,487
12/06/2012,496
12/07/2012,467
12/08/2012,417
12/09/2012,399
12/10/2012,440
12/11/2012,452
12/12/2012,453
12/13/2012,435
12/14/2012,380
12/15/2012,430
12/16/2012,432
12/17/2012,402
12/18/2012,415
12/19/2012,478
12/20/2012,434
12/21/2012,430
12/22/2012,419
12/23/2012,391
12/24/2012,413
12/25/2012,411
12/26/2012,434
12/27/2012,445
12/28/2012,461
12/29/2012,406
12/30/2012,371
12/31/2012,421
01/01/2013,437
01/02/2013,456
01/03/2013,437
01/04/2013,454
01/05/2013,399
01/06/2013,375
01/07/2013,354
01/08/2013,395
01/09/2013,407
01/10/2013,450
01/11/2013,425
01/12/2013,441
01/13/2013,401
01/14/2013,406
01/15/2013,440
01/16/2013,467
01/17/2013,483
01/18/2013,454
01/19/2013,420
01/20/2013,394
01/21/2013,391
01/22/2013,426
01/23/2013,450
01/24/2013,510
01/25/2013,456
01/26/2013,443
01/27/2013,417
01/28/2013,440
01/29/2013,463
01/30/2013,469
01/31/2013,634
02/01/2013,731
02/02/2013,681
02/03/2013,587
02/04/2013,529
02/05/2013,406
02/06/2013,491
02/07/2013,531
02/08/2013,429
02/09/2013,476
02/10/2013,415
02/11/2013,424
02/12/2013,399
02/13/2013,440
02/14/2013,464
02/15/2013,436
02/16/2013,461
02/17/2013,440
02/18/2013,400
02/19/2013,473
02/20/2013,428
02/21/2013,432
02/22/2013,464
02/23/2013,423
02/24/2013,377
02/25/2013,406
02/26/2013,415
02/27/2013,477
02/28/2013,492
03/01/2013,428
03/02/2013,418
03/03/2013,411
03/04/2013,348
03/05/2013,437
03/06/2013,477
03/07/2013,465
03/08/2013,461
03/09/2013,472
03/10/2013,444
03/11/2013,434
03/12/2013,463
03/13/2013,418
03/14/2013,496
03/15/2013,379
03/16/2013,422
03/17/2013,383
03/18/2013,394
03/19/2013,425
03/20/2013,448
03/21/2013,463
03/22/2013,401
03/23/2013,384
03/24/2013,439
03/25/2013,452
03/26/2013,385
03/27/2013,404
03/28/2013,465
03/29/2013,442
03/30/2013,395
03/31/2013,402
04/01/2013,383
04/02/2013,391
04/03/2013,420
04/04/2013,458
04/05/2013,461
04/06/2013,392
04/07/2013,429
04/08/2013,454
04/09/2013,419
04/10/2013,487
04/11/2013,471
04/12/2013,493
04/13/2013,448
04/14/2013,397
04/15/2013,419
04/16/2013,419
04/17/2013,448
04/18/2013,518
04/19/2013,482
04/20/2013,457
04/21/2013,379
04/22/2013,338
04/23/2013,469
04/24/2013,414
04/25/2013,460
04/26/2013,457
04/27/2013,415
04/28/2013,436
04/29/2013,404
04/30/2013,443
05/01/2013,415
05/02/2013,443
05/03/2013,452
05/04/2013,448
05/05/2013,461
05/06/2013,415
05/07/2013,435
05/08/2013,507
05/09/2013,509
05/10/2013,484
05/11/2013,430
05/12/2013,430
05/13/2013,424
05/14/2013,447
05/15/2013,432
05/16/2013,512
05/17/2013,478
05/18/2013,465
05/19/2013,447
05/20/2013,409
05/21/2013,475
05/22/2013,448
05/23/2013,501
05/24/2013,453
05/25/2013,400
05/26/2013,431
05/27/2013,453
05/28/2013,467
05/29/2013,469
05/30/2013,527
05/31/2013,499
06/01/2013,487
06/02/2013,473
06/03/2013,427
06/04/2013,481
06/05/2013,444
06/06/2013,541
06/07/2013,493
06/08/2013,443
06/09/2013,423
06/10/2013,434
06/11/2013,485
06/12/2013,499
06/13/2013,474
06/14/2013,483
06/15/2013,458
06/16/2013,460
06/17/2013,455
06/18/2013,412
06/19/2013,447
06/20/2013,538
06/21/2013,436
06/22/2013,493
06/23/2013,423
06/24/2013,440
06/25/2013,470
06/26/2013,462
06/27/2013,534
06/28/2013,444
06/29/2013,484
06/30/2013,446
07/01/2013,407
07/02/2013,462
07/03/2013,423
07/04/2013,523
07/05/2013,475
07/06/2013,453
07/07/2013,442
07/08/2013,426
07/09/2013,462
07/10/2013,518
07/11/2013,491
07/12/2013,457
07/13/2013,461
07/14/2013,463
07/15/2013,413
07/16/2013,451
07/17/2013,447
07/18/2013,481
07/19/2013,438
07/20/2013,396
07/21/2013,427
07/22/2013,424
07/23/2013,416
07/24/2013,485
07/25/2013,494
07/26/2013,471
07/27/2013,465
07/28/2013,418
07/29/2013,402
07/30/2013,439
07/31/2013,485
08/01/2013,491
08/02/2013,499
08/03/2013,481
08/04/2013,439
08/05/2013,413
08/06/2013,419
08/07/2013,468
08/08/2013,458
08/09/2013,442
08/10/2013,444
08/11/2013,399
08/12/2013,397
08/13/2013,415
08/14/2013,482
08/15/2013,501
08/16/2013,467
08/17/2013,426
08/18/2013,428
08/19/2013,381
08/20/2013,379
08/21/2013,409
08/22/2013,448
08/23/2013,415
08/24/2013,362
08/25/2013,413
08/26/2013,400
08/27/2013,428
08/28/2013,497
08/29/2013,509
08/30/2013,440
08/31/2013,473
09/01/2013,425
09/02/2013,424
09/03/2013,451
09/04/2013,468
09/05/2013,497
09/06/2013,501
09/07/2013,438
09/08/2013,410
09/09/2013,418
09/10/2013,467
09/11/2013,388
09/12/2013,490
09/13/2013,400
09/14/2013,445
09/15/2013,423
09/16/2013,417
09/17/2013,437
09/18/2013,439
09/19/2013,443
09/20/2013,428
09/21/2013,428
09/22/2013,412
09/23/2013,401
09/24/2013,397
09/25/2013,416
09/26/2013,450
09/27/2013,399
09/28/2013,419
09/29/2013,468
09/30/2013,455
10/01/2013,464
10/02/2013,432
10/03/2013,490
10/04/2013,445
10/05/2013,395
10/06/2013,335
10/07/2013,422
10/08/2013,394
10/09/2013,428
10/10/2013,435
10/11/2013,449
10/12/2013,416
10/13/2013,371
10/14/2013,361
10/15/2013,393
10/16/2013,407
10/17/2013,434
10/18/2013,395
10/19/2013,371
10/20/2013,393
10/21/2013,408
10/22/2013,441
10/23/2013,469
10/24/2013,443
10/25/2013,434
10/26/2013,421
10/27/2013,401
10/28/2013,403
10/29/2013,443
10/30/2013,432
10/31/2013,481
11/01/2013,381
11/02/2013,411
11/03/2013,389
11/04/2013,397
11/05/2013,396
11/06/2013,372
11/07/2013,410
11/08/2013,388
11/09/2013,377
11/10/2013,366
11/11/2013,391
11/12/2013,412
11/13/2013,406
11/14/2013,420
11/15/2013,413
11/16/2013,384
11/17/2013,395
11/18/2013,353
11/19/2013,368
11/20/2013,370
11/21/2013,461
11/22/2013,389
11/23/2013,381
11/24/2013,398
11/25/2013,420
11/26/2013,367
11/27/2013,405
11/28/2013,415
11/29/2013,484
11/30/2013,420
12/01/2013,341
12/02/2013,367
12/03/2013,413
12/04/2013,391
12/05/2013,431
12/06/2013,439
12/07/2013,351
12/08/2013,369
12/09/2013,363
12/10/2013,371
12/11/2013,354
12/12/2013,433
12/13/2013,398
12/14/2013,375
12/15/2013,351
12/16/2013,389
12/17/2013,361
12/18/2013,384
12/19/2013,391
12/20/2013,379
12/21/2013,448
12/22/2013,463
12/23/2013,422
12/24/2013,443
12/25/2013,410
12/26/2013,462
12/27/2013,440
12/28/2013,461
12/29/2013,424
12/30/2013,411
12/31/2013,413
01/01/2014,469
01/02/2014,484
01/03/2014,444
01/04/2014,432
01/05/2014,404
01/06/2014,421
01/07/2014,437
01/08/2014,450
01/09/2014,516
01/10/2014,471
01/11/2014,413
01/12/2014,413
01/13/2014,413
01/14/2014,456
01/15/2014,449
01/16/2014,513
01/17/2014,525
01/18/2014,455
01/19/2014,510
01/20/2014,560
01/21/2014,777
01/22/2014,807
01/23/2014,809
01/24/2014,676
01/25/2014,540
01/26/2014,419
01/27/2014,456
01/28/2014,452
01/29/2014,436
01/30/2014,473
01/31/2014,460
02/01/2014,369
02/02/2014,418
02/03/2014,396
02/04/2014,361
02/05/2014,423
02/06/2014,481
02/07/2014,452
02/08/2014,453
02/09/2014,370
02/10/2014,380
02/11/2014,435
02/12/2014,457
02/13/2014,523
02/14/2014,500
02/15/2014,479
02/16/2014,480
02/17/2014,466
02/18/2014,420
02/19/2014,523
02/20/2014,511
02/21/2014,482
02/22/2014,413
02/23/2014,413
02/24/2014,400
02/25/2014,387
02/26/2014,428
02/27/2014,480
02/28/2014,472
03/01/2014,449
03/02/2014,423
03/03/2014,387
03/04/2014,417
03/05/2014,458
03/06/2014,487
03/07/2014,469
03/08/2014,480
03/09/2014,493
03/10/2014,454
03/11/2014,412
03/12/2014,436
03/13/2014,523
03/14/2014,501
03/15/2014,450
03/16/2014,501
03/17/2014,413
03/18/2014,512
03/19/2014,525
03/20/2014,547
03/21/2014,535
03/22/2014,408
03/23/2014,424
03/24/2014,492
03/25/2014,444
03/26/2014,469
03/27/2014,556
03/28/2014,439
03/29/2014,407
03/30/2014,442
03/31/2014,446
04/01/2014,462
04/02/2014,461
04/03/2014,508
04/04/2014,475
04/05/2014,485
04/06/2014,480
04/07/2014,438
04/08/2014,415
04/09/2014,483
04/10/2014,481
04/11/2014,456
04/12/2014,444
04/13/2014,417
04/14/2014,411
04/15/2014,441
04/16/2014,434
04/17/2014,509
04/18/2014,421
04/19/2014,389
04/20/2014,444
04/21/2014,392
04/22/2014,440
04/23/2014,462
04/24/2014,482
04/25/2014,471
04/26/2014,398
04/27/2014,410
04/28/2014,420
04/29/2014,441
04/30/2014,440
05/01/2014,536
05/02/2014,528
05/03/2014,446
05/04/2014,442
05/05/2014,484
05/06/2014,447
05/07/2014,503
05/08/2014,578
05/09/2014,507
05/10/2014,422
05/11/2014,374
05/12/2014,419
05/13/2014,457
05/14/2014,478
05/15/2014,503
05/16/2014,484
05/17/2014,416
05/18/2014,462
05/19/2014,412
05/20/2014,480
05/21/2014,530
05/22/2014,560
05/23/2014,548
05/24/2014,544
05/25/2014,517
05/26/2014,490
05/27/2014,433
05/28/2014,502
05/29/2014,547
05/30/2014,505
05/31/2014,440
06/01/2014,412
06/02/2014,453
06/03/2014,490
06/04/2014,471
06/05/2014,571
06/06/2014,477
06/07/2014,442
06/08/2014,419
06/09/2014,440
06/10/2014,454
06/11/2014,484
06/12/2014,533
06/13/2014,467
06/14/2014,442
06/15/2014,429
06/16/2014,482
06/17/2014,477
06/18/2014,501
06/19/2014,546
06/20/2014,446
06/21/2014,388
06/22/2014,450
06/23/2014,467
06/24/2014,487
06/25/2014,455
06/26/2014,488
06/27/2014,499
06/28/2014,436
06/29/2014,465
06/30/2014,443
07/01/2014,428
07/02/2014,480
07/03/2014,536
07/04/2014,511
07/05/2014,453
07/06/2014,462
07/07/2014,452
07/08/2014,486
07/09/2014,443
07/10/2014,522
07/11/2014,446
07/12/2014,427
07/13/2014,505
07/14/2014,459
07/15/2014,477
07/16/2014,454
07/17/2014,438
07/18/2014,460
07/19/2014,405
07/20/2014,383
07/21/2014,391
07/22/2014,392
07/23/2014,439
07/24/2014,536
07/25/2014,444
07/26/2014,400
07/27/2014,474
07/28/2014,427
07/29/2014,451
07/30/2014,460
07/31/2014,451
08/01/2014,458
08/02/2014,461
08/03/2014,438
08/04/2014,437
08/05/2014,450
08/06/2014,459
08/07/2014,521
08/08/2014,503
08/09/2014,415
08/10/2014,428
08/11/2014,391
08/12/2014,404
08/13/2014,486
08/14/2014,475
08/15/2014,463
08/16/2014,445
08/17/2014,452
08/18/2014,458
08/19/2014,445
08/20/2014,448
08/21/2014,501
08/22/2014,425
08/23/2014,433
08/24/2014,450
08/25/2014,527
08/26/2014,451
08/27/2014,486
08/28/2014,533
08/29/2014,603
08/30/2014,429
08/31/2014,415
09/01/2014,428
09/02/2014,463
09/03/2014,497
09/04/2014,504
09/05/2014,495
09/06/2014,424
09/07/2014,491
09/08/2014,429
09/09/2014,468
09/10/2014,457
09/11/2014,531
09/12/2014,467
09/13/2014,443
09/14/2014,458
09/15/2014,400
09/16/2014,434
09/17/2014,445
09/18/2014,514
09/19/2014,517
09/20/2014,446
09/21/2014,418
09/22/2014,409
09/23/2014,444
09/24/2014,421
09/25/2014,493
09/26/2014,454
09/27/2014,384
09/28/2014,392
09/29/2014,451
09/30/2014,431
10/01/2014,438
10/02/2014,486
10/03/2014,453
10/04/2014,442
10/05/2014,397
10/06/2014,386
10/07/2014,413
10/08/2014,476
10/09/2014,491
10/10/2014,458
10/11/2014,442
10/12/2014,389
10/13/2014,383
10/14/2014,435
10/15/2014,443
10/16/2014,524
10/17/2014,438
10/18/2014,376
10/19/2014,396
10/20/2014,395
10/21/2014,377
10/22/2014,415
10/23/2014,417
10/24/2014,440
10/25/2014,403
10/26/2014,375
10/27/2014,383
10/28/2014,360
10/29/2014,421
10/30/2014,408
10/31/2014,431
11/01/2014,381
11/02/2014,357
11/03/2014,338
11/04/2014,374
11/05/2014,412
11/06/2014,438
11/07/2014,417
11/08/2014,382
11/09/2014,358
11/10/2014,357
11/11/2014,401
11/12/2014,430
11/13/2014,461
11/14/2014,405
11/15/2014,410
11/16/2014,379
11/17/2014,389
11/18/2014,428
11/19/2014,368
11/20/2014,492
11/21/2014,362
11/22/2014,363
11/23/2014,362
11/24/2014,350
11/25/2014,344
11/26/2014,418
11/27/2014,416
11/28/2014,374
11/29/2014,337
11/30/2014,377
12/01/2014,352
12/02/2014,350
12/03/2014,378
12/04/2014,421
12/05/2014,422
12/06/2014,330
12/07/2014,344
12/08/2014,367
12/09/2014,391
12/10/2014,367
12/11/2014,427
12/12/2014,374
12/13/2014,382
12/14/2014,375
12/15/2014,379
12/16/2014,393
12/17/2014,424
12/18/2014,428
12/19/2014,416
12/20/2014,428
12/21/2014,458
12/22/2014,487
12/23/2014,433
12/24/2014,422
12/25/2014,509
12/26/2014,450
12/27/2014,443
12/28/2014,406
12/29/2014,432
12/30/2014,406
12/31/2014,429
01/01/2015,490
01/02/2015,432
01/03/2015,416
01/04/2015,467
01/05/2015,408
01/06/2015,462
01/07/2015,404
01/08/2015,508
01/09/2015,459
01/10/2015,430
01/11/2015,362
01/12/2015,392
01/13/2015,467
01/14/2015,465
01/15/2015,444
01/16/2015,465
01/17/2015,467
01/18/2015,455
01/19/2015,455
01/20/2015,467
01/21/2015,478
01/22/2015,496
01/23/2015,472
01/24/2015,481
01/25/2015,429
01/26/2015,371
01/27/2015,435
01/28/2015,478
01/29/2015,471
01/30/2015,456
01/31/2015,440
02/01/2015,468
02/02/2015,417
02/03/2015,416
02/04/2015,486
02/05/2015,561
02/06/2015,530
02/07/2015,494
02/08/2015,496
02/09/2015,727
02/10/2015,800
02/11/2015,818
02/12/2015,692
02/13/2015,558
02/14/2015,455
02/15/2015,441
02/16/2015,450
02/17/2015,485
02/18/2015,497
02/19/2015,534
02/20/2015,470
02/21/2015,505
02/22/2015,453
02/23/2015,418
02/24/2015,409
02/25/2015,446
02/26/2015,519
02/27/2015,483
02/28/2015,428
03/01/2015,384
03/02/2015,421
03/03/2015,483
03/04/2015,447
03/05/2015,540
03/06/2015,502
03/07/2015,458
03/08/2015,436
03/09/2015,430
03/10/2015,514
03/11/2015,440
03/12/2015,566
03/13/2015,507
03/14/2015,418
03/15/2015,429
03/16/2015,414
03/17/2015,408
03/18/2015,397
03/19/2015,480
03/20/2015,500
03/21/2015,476
03/22/2015,486
03/23/2015,414
03/24/2015,534
03/25/2015,533
03/26/2015,530
03/27/2015,557
03/28/2015,464
03/29/2015,432
03/30/2015,403
03/31/2015,467
04/01/2015,445
04/02/2015,480
04/03/2015,462
04/04/2015,436
04/05/2015,422
04/06/2015,423
04/07/2015,429
04/08/2015,453
04/09/2015,538
04/10/2015,480
04/11/2015,458
04/12/2015,461
04/13/2015,450
04/14/2015,440
04/15/2015,516
04/16/2015,563
04/17/2015,491
04/18/2015,483
04/19/2015,461
04/20/2015,457
04/21/2015,502
04/22/2015,436
04/23/2015,523
04/24/2015,496
04/25/2015,444
04/26/2015,430
04/27/2015,461
04/28/2015,435
04/29/2015,475
04/30/2015,548
05/01/2015,519
05/02/2015,453
05/03/2015,474
05/04/2015,442
05/05/2015,478
05/06/2015,505
05/07/2015,560
05/08/2015,561
05/09/2015,501
05/10/2015,442
05/11/2015,434
05/12/2015,484
05/13/2015,488
05/14/2015,488
05/15/2015,500
05/16/2015,471
05/17/2015,475
05/18/2015,507
05/19/2015,511
05/20/2015,538
05/21/2015,583
05/22/2015,492
05/23/2015,588
05/24/2015,463
05/25/2015,491
05/26/2015,479
05/27/2015,532
05/28/2015,549
05/29/2015,519
05/30/2015,474
05/31/2015,489
06/01/2015,512
06/02/2015,493
06/03/2015,490
06/04/2015,572
06/05/2015,528
06/06/2015,484
06/07/2015,485
06/08/2015,474
06/09/2015,548
06/10/2015,538
06/11/2015,603
06/12/2015,555
06/13/2015,499
06/14/2015,508
06/15/2015,425
06/16/2015,481
06/17/2015,506
06/18/2015,529
06/19/2015,436
06/20/2015,388
06/21/2015,436
06/22/2015,394
06/23/2015,378
06/24/2015,411
06/25/2015,429
06/26/2015,397
06/27/2015,385
06/28/2015,381
06/29/2015,387
06/30/2015,457
07/01/2015,438
07/02/2015,513
07/03/2015,498
07/04/2015,442
07/05/2015,416
07/06/2015,408
07/07/2015,418
07/08/2015,431
07/09/2015,454
07/10/2015,434
07/11/2015,390
07/12/2015,421
07/13/2015,426
07/14/2015,427
07/15/2015,433
07/16/2015,474
07/17/2015,417
07/18/2015,410
07/19/2015,416
07/20/2015,398
07/21/2015,418
07/22/2015,410
07/23/2015,487
07/24/2015,443
07/25/2015,486
07/26/2015,417
07/27/2015,425
07/28/2015,448
07/29/2015,453
07/30/2015,562
07/31/2015,492
08/01/2015,435
08/02/2015,424
08/03/2015,385
08/04/2015,467
08/05/2015,478
08/06/2015,485
08/07/2015,428
08/08/2015,393
08/09/2015,412
08/10/2015,417
08/11/2015,420
08/12/2015,453
08/13/2015,507
08/14/2015,438
08/15/2015,438
08/16/2015,445
08/17/2015,396
08/18/2015,409
08/19/2015,417
08/20/2015,469
08/21/2015,423
08/22/2015,419
08/23/2015,389
08/24/2015,403
08/25/2015,399
08/26/2015,455
08/27/2015,550
08/28/2015,423
08/29/2015,458
08/30/2015,414
08/31/2015,415
09/01/2015,441
09/02/2015,428
09/03/2015,506
09/04/2015,471
09/05/2015,440
09/06/2015,429
09/07/2015,434
09/08/2015,417
09/09/2015,481
09/10/2015,510
09/11/2015,413
09/12/2015,435
09/13/2015,452
09/14/2015,444
09/15/2015,466
09/16/2015,444
09/17/2015,544
09/18/2015,508
09/19/2015,624
09/20/2015,513
09/21/2015,509
09/22/2015,467
09/23/2015,500
09/24/2015,539
09/25/2015,461
09/26/2015,452
09/27/2015,445
09/28/2015,457
09/29/2015,482
09/30/2015,455
10/01/2015,489
10/02/2015,416
10/03/2015,398
10/04/2015,418
10/05/2015,418
10/06/2015,457
10/07/2015,474
10/08/2015,463
10/09/2015,489
10/10/2015,403
10/11/2015,404
10/12/2015,451
10/13/2015,400
10/14/2015,445
10/15/2015,449
10/16/2015,464
10/17/2015,431
10/18/2015,439
10/19/2015,419
10/20/2015,397
10/21/2015,461
10/22/2015,481
10/23/2015,388
10/24/2015,420
10/25/2015,409
10/26/2015,466
10/27/2015,420
10/28/2015,461
10/29/2015,489
10/30/2015,463
10/31/2015,445
11/01/2015,459
11/02/2015,421
11/03/2015,439
11/04/2015,438
11/05/2015,548
11/06/2015,496
11/07/2015,477
11/08/2015,493
11/09/2015,458
11/10/2015,461
11/11/2015,465
11/12/2015,495
11/13/2015,488
11/14/2015,417
11/15/2015,411
11/16/2015,411
11/17/2015,441
11/18/2015,433
11/19/2015,428
11/20/2015,486
11/21/2015,392
11/22/2015,415
11/23/2015,401
11/24/2015,398
11/25/2015,443
11/26/2015,455
11/27/2015,432
11/28/2015,447
11/29/2015,453
11/30/2015,422
12/01/2015,373
12/02/2015,400
12/03/2015,472
12/04/2015,473
12/05/2015,415
12/06/2015,367
12/07/2015,382
12/08/2015,383
12/09/2015,448
12/10/2015,467
12/11/2015,454
12/12/2015,418
12/13/2015,436
12/14/2015,416
12/15/2015,440
12/16/2015,424
12/17/2015,503
12/18/2015,444
12/19/2015,438
12/20/2015,471
12/21/2015,452
